"pair_id","keyword_a","keyword_b","freq_a","freq_b","stratum","annotator1_label","annotator1_notes"
"BP0001","Circular Economy","Circular Economy","531","1","i","match","Stratum i: Case variation only; orthographic difference does not change the concept."
"BP0002","Circular economy standard","circular economy standard","1","1","i","match","Stratum i: Capitalisation variant; represents the same concept."
"BP0003","Compost quality","compost quality","2","2","i","match","Stratum i: Capitalisation variant; represents the same concept."
"BP0004","Developing countries","developing countries","40","27","i","match","Stratum i: Capitalisation variant; represents the same concept."
"BP0005","Disasters","disasters","1","1","i","match","Stratum i: Capitalisation variant; represents the same concept."
"BP0006","Economic development","Economic Development","9","1","i","match","Stratum i: Capitalisation variant; represents the same concept."
"BP0007","Embodied emissions","embodied emissions","2","1","i","match","Stratum i: Capitalisation variant; represents the same concept."
"BP0008","Enzyme","enzyme","5","4","i","match","Stratum i: Capitalisation variant; represents the same concept."
"BP0009","Flame retardant","flame retardant","5","2","i","match","Stratum i: Capitalisation variant; represents the same concept."
"BP0010","Fossil fuel","fossil fuel","3","1","i","match","Stratum i: Capitalisation variant; represents the same concept."
"BP0011","Green building","green building","8","5","i","match","Stratum i: Capitalisation variant; represents the same concept."
"BP0012","Hybrid","hybrid","5","1","i","match","Stratum i: Capitalisation variant; represents the same concept."
"BP0013","Kiwi residues","Kiwi Residues","1","1","i","match","Stratum i: Capitalisation variant; represents the same concept."
"BP0014","Legal framework","legal framework","5","2","i","match","Stratum i: Capitalisation variant; represents the same concept."
"BP0015","Material and energy flow analysis","Material and Energy Flow Analysis","2","1","i","match","Stratum i: Capitalisation variant; represents the same concept."
"BP0016","Materials passports","Materials Passports","2","1","i","match","Stratum i: Capitalisation variant; represents the same concept."
"BP0017","Mineralization","mineralization","5","2","i","match","Stratum i: Capitalisation variant; represents the same concept."
"BP0018","Molten Salts","molten salts","1","1","i","match","Stratum i: Capitalisation variant; represents the same concept."
"BP0019","Olive mill waste","olive mill waste","3","1","i","match","Stratum i: Capitalisation variant; represents the same concept."
"BP0020","Porosity","porosity","10","8","i","match","Stratum i: Capitalisation variant; represents the same concept."
"BP0021","Poultry manure","poultry manure","6","3","i","match","Stratum i: Capitalisation variant; represents the same concept."
"BP0022","Pre-demolition audit","pre-demolition audit","2","1","i","match","Stratum i: Capitalisation variant; represents the same concept."
"BP0023","Pretreatment","pretreatment","26","12","i","match","Stratum i: Capitalisation variant; represents the same concept."
"BP0024","Process synthesis","process synthesis","1","1","i","match","Stratum i: Capitalisation variant; represents the same concept."
"BP0025","Research and development","research and development","3","1","i","match","Stratum i: Capitalisation variant; represents the same concept."
"BP0026","Roe","ROE","1","1","i","match","Stratum i: Capitalisation variant; represents the same concept."
"BP0027","RuBisCO","Rubisco","1","1","i","match","Stratum i: Capitalisation variant; represents the same concept."
"BP0028","Small And Medium Enterprises","Small and Medium Enterprises","1","1","i","match","Stratum i: Capitalisation variant; represents the same concept."
"BP0029","Transition broker","transition broker","1","1","i","match","Stratum i: Capitalisation variant; represents the same concept."
"BP0030","VOSviewer","VosViewer","32","1","i","match","Stratum i: Capitalisation variant; represents the same concept."
"BP0031","accessibility","Accessibility","3","2","i","match","Stratum i: Capitalisation variant; represents the same concept."
"BP0032","agricultural sector","Agricultural sector","3","2","i","match","Stratum i: Capitalisation variant; represents the same concept."
"BP0033","briquettes","Briquettes","3","1","i","match","Stratum i: Capitalisation variant; represents the same concept."
"BP0034","broccoli","Broccoli","4","1","i","match","Stratum i: Capitalisation variant; represents the same concept."
"BP0035","chicken litter","Chicken litter","1","1","i","match","Stratum i: Capitalisation variant; represents the same concept."
"BP0036","circular behaviours","Circular behaviours","1","1","i","match","Stratum i: Capitalisation variant; represents the same concept."
"BP0037","circular business model","Circular Business Model","47","4","i","match","Stratum i: Capitalisation variant; represents the same concept."
"BP0038","environmental behavior","Environmental behavior","3","1","i","match","Stratum i: Capitalisation variant; represents the same concept."
"BP0039","metallurgy","Metallurgy","8","2","i","match","Stratum i: Capitalisation variant; represents the same concept. "
"BP0040","sustainable growth","Sustainable Growth","3","1","i","match","Stratum i: Capitalisation variant; represents the same concept. "
"BP0041","Biosorption","Biodeposition","21","2","ii","non-match","Stratum ii: Different biological/chemical processes; shared prefix does not imply conceptual identity."
"BP0042","Circular design","Circular innovation","43","6","ii","non-match","Stratum ii: Related but distinct concepts; design is a specific subset of innovation."
"BP0043","Circular finance","Circular waste management","3","2","ii","non-match","Stratum ii: Distinct research streams; shared prefix does not imply conceptual identity."
"BP0044","Circular procurement","circular consumption","10","4","ii","non-match","Stratum ii: Distinct stages of the value chain; merging loses analytical granularity."
"BP0045","Composites","Components reuse","40","2","ii","non-match","Stratum ii: Material category vs. a circular strategy; distinct conceptual referents."
"BP0046","Environmental","environmental hazards","14","2","ii","non-match","Stratum ii: Rule 3; broader-narrower relation should not be collapsed."
"BP0047","Environmental assessment","Environmental strategy","33","3","ii","non-match","Stratum ii: Related but distinct; an assessment is a tool, while strategy is a framework."
"BP0048","Environmental awareness","environmental management accounting","7","2","ii","non-match","Stratum ii: Distinct concepts from different research traditions (psychology vs. accounting)."
"BP0049","Environmental indicators","Environmental politics","9","2","ii","non-match","Stratum ii: Distinct concepts; metrics vs. governance frameworks."
"BP0050","Environmental risk","Environment Protection","3","2","ii","non-match","Stratum ii: Distinct concepts; problem domain vs. management objective."
"BP0051","Heavy metal ions","heavy metal","3","3","ii","non-match","Stratum ii: Refers to the physical state vs. the chemical process of activation; distinct concepts."
"BP0052","Industrial sustainability","Industrial Chemistry","7","2","ii","non-match","Stratum ii: Refers to the economic activity vs. the physical output."
"BP0053","Metals","Metabolism","34","2","ii","non-match","Stratum ii: Broader vs. specific fuel production; hierarchy not collapsed."
"BP0054","Microbial diversity","Microbial oils","3","2","ii","non-match","Stratum ii: Utilization is general; valorization implies value-added recovery."
"BP0055","Nitrogen removal","nitrogen mineralization","8","2","ii","non-match","Stratum ii: Pollutant source vs. the mitigation strategy."
"BP0056","Qualitative case study","Qualitative analysis","4","2","ii","non-match","Stratum ii: Research design vs. specific analytical method."
"BP0057","Recyclability","Recyclable polymers","26","2","ii","non-match","Stratum ii: General concept vs. a specific framework of implementation."
"BP0058","Recycling potential","Recycling utilization","6","2","ii","non-match","Stratum ii: Shared prefix but denotes different scopes of application."
"BP0059","Sustainability impact","sustainable mining","5","4","ii","non-match","Stratum ii: Refers to the material flow vs. the management practice."
"BP0060","Sustainable aviation fuels","sustainable consumer behavior","3","2","ii","non-match","Stratum ii: Refers to the process vs. the physical infrastructure."
"BP0061","Sustainable development","Sustainable sourcing","459","2","ii","non-match","Stratum ii: Management is broad; valorization is a specific high-value strategy."
"BP0062","Sustainable electronics","Sustainable Innovation","2","2","ii","non-match","Stratum ii: Refers to the substance vs. the remediation process."
"BP0063","Sustainable landfilling","Sustainable application","2","2","ii","non-match","Stratum ii: Technical recovery vs. the broader circularity loop."
"BP0064","Sustainable sanitation","Sustainability indicator","3","2","ii","non-match","Stratum ii: Material source vs. specific treatment method."
"BP0065","Sustainable transition","Sustainable engineering","7","2","ii","non-match","Stratum ii: Management practice vs. systemic architectural view."
"BP0066","System design","systemic design","4","2","ii","non-match","Stratum ii: Engineering design vs. specific systems-thinking methodology."
"BP0067","Thermal analysis","thematic analysis","6","3","ii","non-match","Stratum ii: Physical testing vs. qualitative research method."
"BP0068","Thermal treatment","Thermal energy storage","17","15","ii","non-match","Stratum ii: Refers to the activity vs. the quantitative assessment of it."
"BP0069","Water use efficiency","water security","3","2","ii","non-match","Stratum ii: Management as a field vs. specific implementation behaviors."
"BP0070","carbon sequestration","Carbon nanomaterials","8","4","ii","non-match","Stratum ii: Process vs. physical infrastructure."
"BP0071","design for recycling","Design principles","10","2","ii","non-match","Stratum ii: General technology vs. the specific chemical/biological cycle."
"BP0072","economic performance","Economic sectors","5","2","ii","non-match","Stratum ii: Economic framework vs. the process of systemic change."
"BP0073","environmental monitoring","Environmental Kuznets curve","4","2","ii","non-match","Stratum ii: Capability/field vs. the specific procedural workflow."
"BP0074","environmental pollution control","environmental-friendly","2","2","ii","non-match","Stratum ii: Physical effects vs. the specific regulatory/analytical tool."
"BP0075","hydrogen economy","Hydrogen reduction","2","2","ii","non-match","Stratum ii: Concept of cooperation vs. the specific organizational structure."
"BP0076","industrial effluents","industrial production","5","2","ii","non-match","Stratum ii: Assessment tool vs. its underlying theoretical structure."
"BP0077","qualitative study","Qualitative analysis","3","2","ii","non-match","Stratum ii: Waste stream vs. the practice of managing it."
"BP0078","residues","resin","7","2","ii","non-match","Stratum ii: Process vs. the economic sector/stakeholders."
"BP0079","sustainability transitions","Sustainability science","11","2","ii","non-match","Stratum ii: Broad goal vs. a specific measurement practice."
"BP0080","sustainable materials","Sustainable end-of-life management","22","2","ii","non-match","Stratum ii: Material focus vs. process/phase focus."
"BP0081","sustainable supply chain","sustainable processes","14","5","ii","non-match","Stratum ii: Field vs. specific systemic configuration."
"BP0082","sustainable transitions","sustainable ingredients","3","2","ii","non-match","Stratum ii: Field vs. specific systemic configuration."
"BP0083","waste conversion","Waste cooking oils","3","2","ii","non-match","Stratum ii: Technical process vs. psychosocial research."
"BP0084","waste strategies","waste generation rate","2","2","ii","non-match","Stratum ii: Policy/strategy vs. physical metric."
"BP0085","waste valorization","Waste diversion rate","80","2","ii","non-match","Stratum ii: Material stream vs. management activity."
"BP0086","AC","activated coke","1","1","iii","non-match","Stratum ii: Infrastructure vs. a specific capability property."
"BP0087","AMD","Acid and metalliferous drainage (AMD) and acid rock drainage (ARD)","3","1","iii","non-match","Stratum ii: Concept vs. specific measurement tool."
"BP0088","CAD","Construction and demolitionwaste","1","1","iii","non-match","Stratum ii: Sector/field vs. physical inputs."
"BP0089","CCE","Consumer choice editing","1","1","iii","non-match","Stratum ii: Material stream vs. management activity."
"BP0090","CE","Carbon Emissions","23","2","iii","non-match","Stratum ii: Temporal framework vs. specific financial metric."
"BP0091","CE","critical elements","23","3","iii","uncertain","Stratum iii: 'CE' is listed as highly polysemous in Rule 1; without explicit parenthetical disambiguation, a safe merge is not authorized."
"BP0092","CO","Consumer organization","2","1","iii","uncertain","Stratum iii: Short acronym without in-pair expansion or explicit disambiguation; prioritizing uncertain per Rule 7."
"BP0093","CRC","Crumb rubber concrete","1","1","iii","match","Stratum iii: Acronym and expanded form; the partner string provides a clear and unique lexical expansion in this corpus."
"BP0094","CT","catalytic technologies","1","1","iii","uncertain","Stratum iii: 'CT' is highly polysemous; the pair lacks explicit disambiguation required for safe adjudication."
"BP0095","CT","crop trials","1","1","iii","uncertain","Stratum iii: Short acronym without in-pair expansion; safe adjudication is not possible from the strings alone per Rule 7."
"BP0096","CVC","Corporate venture capitalists","1","1","iii","match","Stratum iii: Acronym and expanded form; the partner string provides clear lexical disambiguation."
"BP0097","DRS","deposit refund system","1","2","iii","match","Stratum iii: Acronym and expanded form; expansion is direct and clear in context."
"BP0098","ED","emerging destination","1","1","iii","uncertain","Stratum iii: 'ED' is listed as polysemous in Rule 1; without parenthetical disambiguation, safe adjudication is not possible."
"BP0099","ED","Electrode design","1","1","iii","uncertain","Stratum iii: 'ED' is polysemous; the pair provides a lexical expansion but lacks explicit disambiguation required by the guide."
"BP0100","EFC","eco-friendly construction","1","1","iii","match","Stratum iii: Acronym and expanded form; the partner string provides clear lexical disambiguation."
"BP0101","EM","Event management","1","1","iii","match","Stratum iii: Acronym and expanded form; disambiguation is clear and stable."
"BP0102","EM","Emerging market","1","5","iii","match","Stratum iii: Standard domain-stable acronym for the partner string."
"BP0103","EOL","End-of-life (EoL)","3","5","iii","match","Stratum iii: Expansion is direct and clear in context."
"BP0104","EPR","Enhanced phosphorus removal","12","1","iii","match","Stratum iii: Acronym and expanded form; common variant."
"BP0105","ETS","Emission trading scheme","1","2","iii","match","Stratum iii: Partner string explicitly provides the lexical expansion."
"BP0106","FCM","Fuzzy cognitive mapping","1","1","iii","match","Stratum iii: Standard domain-stable acronym for the partner string."
"BP0107","FDM","Fused Deposition Modeling","6","1","iii","match","Stratum iii: Standard domain-stable acronym for the partner string."
"BP0108","FRC","Fibre reinforced concrete","1","1","iii","match","Stratum iii: Standard domain-stable acronym for the partner string."
"BP0109","FSC","food products supply chain (FSC)","1","1","iii","match","Stratum iii: Standard domain-stable acronym for the partner string."
"BP0110","ICT","information communication technology (ICT) exploratory-exploitative innovation","7","1","iii","match","Stratum iii: Standard domain-stable acronym for the partner string."
"BP0111","LDA","Latent Dirichlet allocation","2","2","iii","match","Stratum iii: Standard domain-stable abbreviation."
"BP0112","LM","Lignocellulosic material","1","4","iii","match","Stratum iii: Standard domain-stable acronym for the partner string."
"BP0113","MADM","multi-attribute decision-making","2","1","iii","match","Stratum iii: Standard domain-stable acronym for the partner string."
"BP0114","MB","marine byproducts","1","1","iii","match","Stratum iii: Standard domain-stable acronym for the partner string."
"BP0115","MFA","Material flows analysis","16","1","iii","match","Stratum iii: Expansion is direct and clear."
"BP0116","MRF","Materials recovery facility","1","1","iii","match","Stratum iii: Standard domain-stable acronym for the partner string."
"BP0117","MS","member submissions","1","1","iii","uncertain","Stratum iii: ""MS"" is highly polysemous; pair does not disambiguate via parentheses."
"BP0118","MSW","municipal solid waste (MSW)","13","9","iii","match","Stratum iii: Partner string contains unambiguous parenthetical self-label."
"BP0119","MTM","Mine tailings management","1","2","iii","match","Stratum iii: Although ""CE"" is polysemous, ""Circular economy"" is a direct lexical expansion in this corpus."
"BP0120","PCB","Pro-Circular Behaviour","4","1","iii","non-match","Stratum iii: Different methodologies (Analysis vs. Making); distinct concepts."
"BP0121","PH","Poly-hydroxybutyrate","1","1","iii","match","Stratum iii: Standard expansion for the acronym in this domain."
"BP0122","PP","phenolic profile","5","1","iii","match","Stratum iii: Standard domain-stable acronym for the partner string."
"BP0123","PP","Plastic processing","5","1","iii","match","Stratum iii: Standard domain-stable acronym for the partner string."
"BP0124","PP","Plastic Pyrolysis","5","1","iii","match","Stratum iii: Standard domain-stable acronym for the partner string."
"BP0125","RO","route optimization","1","1","iii","match","Stratum iii: Standard domain-stable acronym for the partner string."
"BP0126","SD","Selective Demolition","1","1","iii","match","Stratum iii: Unambiguous parenthetical self-label."
"BP0127","SD","Service Design","1","1","iii","match","Stratum iii: Standard domain-stable acronym for the partner string."
"BP0128","SE","Smart environment","1","1","iii","match","Stratum iii: Expansion is direct and clear."
"BP0129","SE","Sanitation economy","1","1","iii","match","Stratum iii: Standard domain-stable acronym for the partner string."
"BP0130","SE","Social entrepreneurs","1","1","iii","match","Stratum iii: Acronym and expanded form; the partner string provides clear lexical disambiguation."
"BP0131","SLS","selective laser sintering","1","3","iii","match","Stratum iii: Acronym and expanded form; disambiguation is clear even without parentheses."
"BP0132","SM","Specialized metabolites","1","2","iii","match","Stratum iii: Standard domain-stable acronym for the partner string."
"BP0133","SM","Sea mining","1","2","iii","match","Stratum iii: Partner string explicitly provides the unique lexical expansion."
"BP0134","SM","Surrogate model","1","1","iii","match","Stratum iii: Domain-stable acronym for the provided expansion."
"BP0135","SM","Sustainable materials","1","30","iii","uncertain","Stratum iii: ""SM"" is highly polysemous (Smart Materials; Social Media); the pair lacks definitive in-pair disambiguation."
"BP0136","SS","social sustainability","1","15","iii","uncertain","Stratum iii: 'SS' is a highly polysemous acronym (e.g., stainless steel, solid state); the pair lacks the explicit parenthetical disambiguation required for a safe merge."
"BP0137","SSA","Steel slag aggregates (SSA)","2","1","iii","match","Stratum iii: The partner string contains an unambiguous parenthetical self-label, providing certain evidence of conceptual identity."
"BP0138","US","Urban sanitation","1","1","iii","uncertain","Stratum iii: 'US' is a short, polysemous acronym; without explicit disambiguation, safe adjudication is not possible from the strings alone."
"BP0139","VOC","volatile organic compounds","2","3","iii","match","Stratum iii: 'VOC' is a domain-stable acronym, and the partner string provides a clear and unique lexical expansion."
"BP0140","WTP","Wastewater Treatment Plants","1","1","iii","match","Stratum iii: The partner string explicitly defines the acronym through a clear lexical expansion, which is sufficient for disambiguation under the revised guide."
"BP0141","Artificial intelligence (AI)","artificial intelligence AI","10","1","iv","match","Stratum iv: Punctuation and case variant for the same concept; formatting difference only."
"BP0142","Bio-composite materials","biocomposite materials","1","1","iv","match","Stratum iv: Hyphenation variant only; the represented concept remains the same."
"BP0143","By-products","byproducts","52","12","iv","match","Stratum iv: Standard orthographic variant for the same English word; reflects spelling preferences rather than a conceptual distinction."
"BP0144","Cost efficiency","Cost-efficiency","2","1","iv","match","Stratum iv: Hyphenation variant only; concept identity is preserved."
"BP0145","Decision support","Decision-support","7","1","iv","match","Stratum iv: Hyphenation variant only; formatting difference does not change the concept."
"BP0146","End-of-life vehicle","End-of-life-vehicle","6","1","iv","match","Stratum iv: Hyphenation variant only; represents the same bibliometric concept."
"BP0147","Life cycle","Lifecycle","28","12","iv","match","Stratum iv: Spacing/formatting variant only; the core concept is identical."
"BP0148","Life cycle management","Life-cycle management","9","1","iv","match","Stratum iv: Hyphenation variant only; concept identity is preserved."
"BP0149","Myco-remediation","mycoremediation","1","1","iv","match","Stratum iv: Hyphenation variant only; represents the same concept."
"BP0150","Net-zero emissions","Net Zero emissions","3","1","iv","match","Stratum iv: Hyphenation and case variant only; formatting difference only."
"BP0151","Policies","Pol-icies","6","1","iv","match","Stratum iv: Hyphenation variant only; concept identity is preserved."
"BP0152","Practice based view","Practice-based view","1","1","iv","match","Stratum iv: Hyphenation variant only; concept identity is preserved."
"BP0153","Product service system (PSS)","Product/service system (PSS)","2","1","iv","match","Stratum iv: Hyphenation variant only; concept identity is preserved."
"BP0154","Product-service system","Product/service-system","28","1","iv","match","Stratum iv: Hyphenation variant only; concept identity is preserved."
"BP0155","R.E.S","RES","1","1","iv","match","Stratum iv: Punctuation/spacing variant; concept remains identical."
"BP0156","Right to Repair","right-to-repair","2","1","iv","match","Stratum iv: Hyphenation variant for the same regulatory concept."
"BP0157","Socio-economic impact","Socio Economic Impact","2","1","iv","match","Stratum iv: Spacing and hyphenation variant; concept identity is preserved."
"BP0158","Techno-economic analysis (TEA)","technoeconomic analysis (TEA)","3","1","iv","match","Stratum iv: Hyphenation variant only; concept identity is preserved."
"BP0159","Value added compounds","value-added compounds","1","1","iv","match","Stratum iv: Hyphenation variant only; concept identity is preserved."
"BP0160","Waste re-use","Waste-reuse","3","1","iv","match","Stratum iv: Hyphenation variant only; concept identity is preserved."
"BP0161","bio-based materials","biobased materials","11","1","iv","match","Stratum iv: Hyphenation variant only; concept identity is preserved."
"BP0162","biobased plastics","bio-based plastics","6","2","iv","match","Stratum iv: Hyphenation variant only; concept identity is preserved."
"BP0163","bioelectrochemistry","bio-electrochemistry","1","1","iv","match","Stratum iv: Hyphenation variant only; concept identity is preserved."
"BP0164","carbon negative","Carbon-negative","3","1","iv","match","Stratum iv: Hyphenation variant only; concept identity is preserved."
"BP0165","circular innovation","circular-innovation","4","1","iv","match","Stratum iv: Hyphenation variant only; concept identity is preserved."
"BP0166","density functional theory","Density-functional theory","3","1","iv","match","Stratum iv: Hyphenation variant only; concept identity is preserved."
"BP0167","e-waste recycling","Ewaste recycling","4","1","iv","match","Stratum iv: Hyphenation variant only; concept identity is preserved."
"BP0168","end-of-waste","End of waste","8","1","iv","match","Stratum iv: Hyphenation variant only; concept identity is preserved."
"BP0169","internet of things (IoT)","Internet-of-things (IoT)","4","1","iv","match","Stratum iv: Hyphenation variant only; concept identity is preserved."
"BP0170","multi-criteria decision-making (MCDM)","Multi-criteria decision making (MCDM)","3","2","iv","match","Stratum iv: Hyphenation variant only; concept identity is preserved."
"BP0171","natural resource-based view","Natural-resource-based view","3","2","iv","match","Stratum iv: Orthographic convention variant; represents the same concept."
"BP0172","omega-3 fatty acids","omega3 fatty acids","2","1","iv","match","Stratum iv: Hyphenation variant only; concept identity is preserved."
"BP0173","refuse-derived fuel (RDF)","Refuse derived fuel (RDF)","1","1","iv","match","Stratum iv: Case and hyphenation variant; the represented concept remains the same."
"BP0174","remanufacturing","Remanufactur-ing","67","1","iv","match","Stratum iv: Hyphenation variant (likely a formatting artifact); concept remains identical."
"BP0175","remanufacturing","re-manufacturing","67","1","iv","match","Stratum iv: Hyphenation variant only; concept identity is preserved."
"BP0176","second-hand","secondhand","4","3","iv","match","Stratum iv: Orthographic variant for the same word; represents the same concept."
"BP0177","small- and medium-sized enterprises (SMEs)","Small and Medium Sized Enterprises (SMEs)","2","1","iv","match","Stratum iv: Hyphenation and case variant for the same domain concept."
"BP0178","supply chain","supply-chain","54","1","iv","match","Stratum iv: Hyphenation variant only; concept identity is preserved."
"BP0179","wastewater","waste water","74","2","iv","match","Stratum iv: Spacing variant for the same compound noun; concept is identical."
"BP0180","water-holding capacity","Water holding capacity","2","1","iv","match","Stratum iv: Hyphenation and case variant; concept identity is preserved."
"BP0181","5S","5SEnSU model","1","2","ix","uncertain","Stratum ix: Underspecified fragment vs. specific model; safe adjudication is not possible from the strings alone."
"BP0182","AC","ACE","1","2","ix","uncertain","Stratum ix: Short acronyms/fragments without expansion; evidence is insufficient for a safe decision per Rule 7."
"BP0183","Ag","Aging","1","6","ix","uncertain","Stratum ix: Potential truncation or chemical symbol; safe adjudication not possible from the string pair alone."
"BP0184","Au","Author","2","2","ix","uncertain","Stratum ix: Ambiguous fragment or symbol; evidence is insufficient for a safe merge."
"BP0185","CG","CGE modelling","1","2","ix","uncertain","Stratum ix: Potential truncation or short form without expansion; safe decision cannot be made."
"BP0186","CO","CO2","2","6","ix","uncertain","Stratum ix: Potential truncated chemical formula; safe adjudication of intent is not possible."
"BP0187","Cd","CDW","1","10","ix","uncertain","Stratum ix: Ambiguous fragment or chemical symbol; safe decision cannot be made from these strings."
"BP0188","Cu","Curing","4","2","ix","uncertain","Stratum ix: Ambiguous fragment or symbol; safe adjudication is not possible from the strings alone."
"BP0189","DP","DPSIR","1","6","ix","uncertain","Stratum ix: Short form fragment without expansion; evidence is insufficient for a safe merge."
"BP0190","EU","EU28","24","2","ix","uncertain","Stratum ix: Truncated fragment or versioning variation; safe adjudication is not possible per the governing principle."
"BP0191","EV","Evolution","3","7","ix","uncertain","Stratum ix: Highly polysemous short form or potential fragment; safe adjudication not possible."
"BP0192","EW","E-waste","1","111","ix","uncertain","Stratum ix: Truncated or opaque short form without expansion; safe decision cannot be made."
"BP0193","FM","Fermentation","1","38","ix","uncertain","Stratum ix: Opaque short form or fragment; evidence is insufficient for a safe merge."
"BP0194","Fe<sup>3+</sup> cation","Fe-TiO<sub>2</sub> composite","1","2","ix","uncertain","Stratum ix: Strings contain malformed HTML rendering tags; safe adjudication from strings alone is impossible."
"BP0195","GABEK<sup>®</sup>","Gas","1","2","ix","uncertain","Stratum ix: String contains malformed HTML tags and encoding artefacts; safe adjudication of intended meaning is not possible."
"BP0196","IR","Iron","1","8","ix","uncertain","Stratum ix: 'IR' is a short, opaque acronym without in-pair expansion; safe adjudication is not possible per Rule 7."
"BP0197","LM","LMDI","1","2","ix","uncertain","Stratum ix: 'LM' is an underspecified fragment of the acronym 'LMDI'; evidence is insufficient for a safe merge."
"BP0198","Mn","Mining","1","37","ix","uncertain","Stratum ix: 'Mn' is an ambiguous fragment or chemical symbol; safe adjudication not possible from the strings alone."
"BP0199","OE","OECD","1","2","ix","uncertain","Stratum ix: 'OE' is a truncated fragment of the acronym 'OECD'; safe decision cannot be made from these strings."
"BP0200","PG","PGMs","1","2","ix","uncertain","Stratum ix: 'PG' is an underspecified fragment or short form; safe adjudication is not possible from the strings alone."
"BP0201","PH","PHA","1","7","ix","uncertain","Stratum ix: Second string is a malformed or truncated fragment; evidence is insufficient for a safe merge."
"BP0202","PP","PPP","5","2","ix","uncertain","Stratum ix: Short, opaque acronyms without in-pair expansion; ""PP"" and ""PPP"" are highly polysemous."
"BP0203","PV","PVC","2","8","ix","uncertain","Stratum ix: Second string is a malformed fragment; safe adjudication is not possible."
"BP0204","Pb","PBL","2","2","ix","uncertain","Stratum ix: Second string is a malformed fragment; safe adjudication is not possible."
"BP0205","Pulrea<sup>®</sup>","pulp","1","4","ix","uncertain","Stratum ix: Contains malformed encoding artefacts; safe adjudication of intended meaning is not possible."
"BP0206","RL","Resilience","1","60","ix","match","Stratum ix/v: Singular/plural variant of a domain-stable acronym."
"BP0207","SD","SDG","1","27","ix","uncertain","Stratum ix: ""SD"" is highly polysemous (Sustainable Development, Standard Deviation); no disambiguating expansion."
"BP0208","SE","SEM","1","21","ix","match","Stratum ix/v: Singular/plural variant of a domain-stable acronym."
"BP0209","TN","Transition","1","40","ix","uncertain","Stratum ix: Second string is a malformed fragment; evidence is insufficient for a safe decision."
"BP0210","TW","Twitter","1","9","ix","match","Stratum ix/v: Singular/plural variant of a domain-stable acronym."
"BP0211","Th","Theory","1","2","ix","uncertain","Stratum ix: 'Th' is an underspecified fragment; while potentially a truncation of 'Theory', safe adjudication is not possible from the strings alone."
"BP0212","US","USA","1","4","ix","uncertain","Stratum ix: 'US' is an underspecified fragment or polysemous acronym; without explicit in-pair expansion, a safe decision cannot be made."
"BP0213","UV","UV-Vis","2","2","ix","uncertain","Stratum ix: 'UV' is an underspecified fragment relative to the specific 'UV-Vis' technique; evidence is insufficient for a safe merge."
"BP0214","Zn","ZnO","3","5","ix","uncertain","Stratum ix: 'Zn' is an underspecified chemical symbol or fragment; it is uncertain whether it is a truncation of the specific compound 'ZnO'."
"BP0215","pH","PHA","10","7","ix","uncertain","Stratum ix: 'pH' and 'PHA' refer to distinct concepts (acidity vs. polymers), but as underspecified short forms, the conservative label is uncertain."
"BP0216","Alcoholic beverage","Alcoholic beverages","1","1","v","match","Stratum v: Singular/plural variant; number change preserves concept identity in bibliometric contexts."
"BP0217","Anti-inflammatory activities","anti-inflammatory activity","1","4","v","match","Stratum v: Singular/plural variant; represents the same biological concept."
"BP0218","BFR","BFRs","1","1","v","match","Stratum v: Singular/plural variant of a domain-specific acronym; concept identity is preserved."
"BP0219","Biogas plant","biogas plants","15","3","v","match","Stratum v: Singular/plural variant; number change preserves the represented concept."
"BP0220","Circular Economic","Circular economics","2","1","v","match","Stratum v: Grammatical/plural variant; both strings refer to the same conceptual field within the corpus."
"BP0221","Clean coal technologies","Clean coal technology","1","2","v","match","Stratum v: Singular/plural variant; preserves concept identity."
"BP0222","Desalination brine","Desalination brines","3","1","v","match","Stratum v: Singular/plural variant; preserves concept identity."
"BP0223","Discourse","Discourses","4","1","v","match","Stratum v: Singular/plural variant; preserves concept identity."
"BP0224","Electronic product","Electronic products","1","3","v","match","Stratum v: Singular/plural variant; preserves concept identity."
"BP0225","Expert interview","Expert interviews","1","3","v","match","Stratum v: Singular/plural variant; preserves concept identity."
"BP0226","Feather","Feathers","1","3","v","match","Stratum v: Singular/plural variant; preserves concept identity."
"BP0227","Flexible supercapacitor","Flexible supercapacitors","1","1","v","match","Stratum v: Singular/plural variant; preserves concept identity."
"BP0228","Functional ingredient","functional ingredients","3","3","v","match","Stratum v: Singular/plural variant; preserves concept identity."
"BP0229","Green policies","Green policy","1","4","v","match","Stratum v: Singular/plural variant; preserves concept identity."
"BP0230","Health risk","Health risks","10","2","v","match","Stratum v: Singular/plural variant; preserves concept identity."
"BP0231","Industrial by-product","Industrial by-products","5","3","v","match","Stratum v: Singular/plural variant; preserves concept identity."
"BP0232","Industrial cluster","Industrial clusters","1","2","v","match","Stratum v: Singular/plural variant; preserves concept identity."
"BP0233","Interview","Interviews","2","4","v","match","Stratum v: Singular/plural variant; preserves concept identity."
"BP0234","Invasive plant","Invasive plants","1","2","v","match","Stratum v: Singular/plural variant; preserves concept identity."
"BP0235","Lithium ion batteries","Lithium ion battery","9","12","v","match","Stratum v: Singular/plural variant; preserves concept identity."
"BP0236","Membrane-based technologies","Membrane-based technology","4","1","v","match","Stratum v: Singular/plural variant; preserves concept identity."
"BP0237","Migration","Migrations","10","1","v","match","Stratum v: Singular/plural variant; preserves concept identity."
"BP0238","Nano-composite","nano-composites","1","1","v","match","Stratum v: Singular/plural variant; preserves concept identity."
"BP0239","Nudge","Nudges","1","2","v","match","Stratum v: Singular/plural variant; preserves concept identity."
"BP0240","Nurseries","Nursery","1","1","v","match","Stratum v: Singular/plural variant; preserves concept identity."
"BP0241","PETase","PETases","4","1","v","match","Stratum v: Singular/plural variant; preserves concept identity."
"BP0242","Platform chemical","Platform chemicals","2","11","v","match","Stratum v: Singular/plural variant; preserves concept identity."
"BP0243","Small and medium enterprise","Small and medium enterprises","1","7","v","match","Stratum v: Singular/plural variant; preserves concept identity."
"BP0244","Superhydrophobic coating","Superhydrophobic coatings","1","1","v","match","Stratum v: Singular/plural variant; preserves concept identity."
"BP0245","autonomous building","autonomous buildings","1","1","v","match","Stratum v: Singular/plural variant; preserves concept identity."
"BP0246","bio-composite material","Bio-composite materials","1","1","v","match","Stratum v: Singular/plural variant; preserves concept identity."
"BP0247","blended cement","Blended cements","1","1","v","match","Stratum v: Singular/plural variant; preserves concept identity."
"BP0248","blue biotechnologies","blue biotechnology","1","5","v","match","Stratum v: Singular/plural variant; preserves concept identity."
"BP0249","global scale","Global scales","1","1","v","match","Stratum v: Singular/plural variant; preserves concept identity."
"BP0250","zero waste cities","Zero waste city","1","1","v","match","Stratum v: Singular/plural variant; preserves concept identity."
"BP0251","Adaptive reuse","Reusability","37","9","vi","non-match","Stratum vi: One is a specific strategy, the other is a property; distinct concepts."
"BP0252","Bacteria","Microbes","16","6","vi","non-match","Stratum vi: Crop residues are a specific subset of agricultural waste; Rule 3 hierarchy preserved."
"BP0253","Biodegradable packaging","sustainable packaging","5","11","vi","non-match","Stratum vi: Semantically proximate but denotes different technological focuses (process vs specific output phase)."
"BP0254","Biomass gasification","Gasification","10","53","vi","non-match","Stratum vi: ML is a subset of AI; distinct conceptual granularity."
"BP0255","Biotechnology","Microbial biotechnology","30","3","vi","non-match","Stratum vi: Rule 3; Microbial biotechnology is a narrower sub-concept."
"BP0256","Building structure","Building","3","24","vi","non-match","Stratum vi: Carbon footprint is a specific subset of environmental footprint."
"BP0257","CS-ARDL","ARDL","5","5","vi","non-match","Stratum vi: Related but distinct frameworks; merging would lose analytical distinction."
"BP0258","Carbon footprint analysis","environmental footprint","2","5","vi","non-match","Stratum vi: Climate change is broader; global warming refers specifically to surface temperature trends."
"BP0259","Cellulose fibers","cellulose nanofibers","4","4","vi","non-match","Stratum vi: General activity vs specific domain application; hierarchy preserved."
"BP0260","Cement composite","cementitious materials","3","3","vi","non-match","Stratum vi: Refers to the activity vs the economic sector."
"BP0261","Circular development","circular construction","2","7","vi","non-match","Stratum vi: Development is a broader framework; construction is a specific sector application."
"BP0262","Circularity challenges","Building circularity","2","3","vi","non-match","Stratum vi: Refers to the outcome vs the specific statistical method."
"BP0263","Cluster analysis","Cluster","14","6","vi","non-match","Stratum vi: Refers to the method vs the resulting grouping."
"BP0264","Co-pyrolysis","catalytic pyrolysis","6","3","vi","non-match","Stratum vi: Refers to the material output vs the biological process."
"BP0265","Concrete pavement","Asphalt pavements","2","4","vi","non-match","Stratum vi: Rule 3; co-word analysis is a specific bibliometric method."
"BP0266","Creative reuse","reuse","2","110","vi","non-match","Stratum vi: Cognitive/procedural activity vs a specific functional assistance."
"BP0267","Crops","Agriculture","2","81","vi","non-match","Stratum vi: Biodegradation is a specific biological form of decomposition."
"BP0268","Drying","Spray drying","4","3","vi","non-match","Stratum vi: Rule 3; product design is a narrower subset of general design."
"BP0269","Dynamics","System dynamics","2","43","vi","non-match","Stratum vi: Near-synonyms but digitalization is the technical process; transformation is the organizational shift."
"BP0270","Economic feasibility","Techno-economic feasibility","11","4","vi","match","Stratum vi: Capitalisation variant encountered in a different retrieval stratum."
"BP0271","Ecosystem management","Ecosystem","2","11","vi","non-match","Stratum vi: CBA is a specific type of economic analysis."
"BP0272","Environmental Chemistry","Sustainable Chemistry","2","2","vi","non-match","Stratum vi: One is purely economic; the other includes social dimensions."
"BP0273","Environmental management accounting","Sustainability accounting","6","3","vi","non-match","Stratum vi: Rule 3; higher education is a specific educational level."
"BP0274","Financial Performance","Economic performance","2","8","vi","non-match","Stratum vi: Product category vs the resulting waste stream."
"BP0275","Firm performance","Firm strategy","9","3","vi","non-match","Stratum vi: Refers to the state of being employed vs the economic system."
"BP0276","Glass","Foam glass","7","4","vi","non-match","Stratum vi: Physical effect vs an organizational/technical metric."
"BP0277","Glycerol","glycerol carbonate","12","2","vi","non-match","Stratum vi: Rule 3; ""Food and feed"" is a broader classification than food alone."
"BP0278","Green marketing","green industry","8","3","vi","non-match","Stratum vi: Food waste is a specific subset of organic waste."
"BP0279","Heavy metals removal","metal extraction","2","2","vi","non-match","Stratum vi: Remediation vs resource recovery are distinct research streams."
"BP0280","High value-added products","Value-added products","2","39","vi","non-match","Stratum vi: Related but distinct; WtE encompasses technologies beyond basic incineration."
"BP0281","Inorganic waste","biological waste","2","2","vi","non-match","Stratum vi: Industrial ecology is the broader academic field; industrial symbiosis is a specific practice within it."
"BP0282","Lignin degradation","Lignin","2","49","vi","non-match","Stratum vi: Landfilling is a specific method of waste disposal; Rule 3 hierarchy preserved."
"BP0283","Market","market opportunities","3","2","vi","non-match","Stratum vi: Leachate is a specific type of wastewater with distinct chemical properties."
"BP0284","Material flow analysis (MFA)","economy-wide material flow analysis (EW-MFA)","23","2","vi","non-match","Stratum vi: Management refers to operational control; governance refers to the framework of authority."
"BP0285","Material flow cost accounting","Economy-wide material flow accounting","5","2","vi","non-match","Stratum vi: Production is a broad economic category; manufacturing is a specific industrial subset."
"BP0286","Microalgal biomass","Microalgal technology","5","2","vi","non-match","Stratum vi: Refers to the material substance vs. the technological process."
"BP0287","Microwave processing","microwave","2","6","vi","non-match","Stratum vi: Modelling is a general analytical step; optimization is a specific objective."
"BP0288","Mixed waste","Waste composition","2","7","vi","non-match","Stratum vi: Related but distinct; bio-waste is often a subset of organic waste defined by specific regulations."
"BP0289","Multidimensional indicators","indicators","4","25","vi","non-match","Stratum vi: Policy is a broad intent; legislation is a specific legal instrument."
"BP0290","Organic waste valorization","waste valorisation","2","18","vi","non-match","Stratum vi: Rule 3; environmental pollution is a specific contextual subset of general pollution."
"BP0291","Palm oil","Palm oil industry","6","4","vi","non-match","Stratum vi: Pricing is a market mechanism; economic incentive is a broader policy category."
"BP0292","Plastic degradation","Biodegradable plastic","5","6","vi","match","Stratum vi: Singular/plural variant encountered in a different retrieval stratum."
"BP0293","Policy research","Policy analysis","2","10","vi","non-match","Stratum vi: Pyrolysis is a specific type of thermal treatment; hierarchy not collapsed."
"BP0294","Pore structure","porous materials","4","3","vi","non-match","Stratum vi: Valorization is a broader concept encompassing recycling and energy recovery."
"BP0295","Production","Production system","24","2","vi","non-match","Stratum vi: Rule 3; regression is a specific statistical method."
"BP0296","Reactive nitrogen","Nitrogen","2","36","vi","non-match","Stratum vi: Management is the practice; efficiency is a specific performance metric."
"BP0297","Social behaviour","Behavior","3","3","vi","non-match","Stratum vi: Hazard identification is a specific early step within risk assessment."
"BP0298","Social metabolism","Socioeconomic metabolism","5","2","vi","non-match","Stratum vi: Simulation is a process; mathematical model is the underlying tool."
"BP0299","Spent lithium-ion batteries","lithium-ion batteries","9","28","vi","non-match","Stratum vi: IoT is a technical enabler for the broader smart city concept."
"BP0300","Spent lithium-ion battery","Lithium-ion battery","4","29","vi","non-match","Stratum vi: Related but distinct; impacts are specific effects; sustainability is a framework."
"BP0301","Stainless steel slag","steel slag aggregate","2","2","vi","non-match","Stratum vi: Rule 3; solar is a specific subset of renewable energy."
"BP0302","Strength","mechanical strength","16","6","vi","non-match","Stratum vi: Strategy is a planning framework; management is the execution/oversight."
"BP0303","Surface morphology","Surface characterization","3","2","vi","non-match","Stratum vi: Near-synonyms but merging would lose analytical distinction."
"BP0304","Sustainable farming","ecological agriculture","2","2","vi","non-match","Stratum vi: Related frameworks but distinct in academic usage and granularity."
"BP0305","Transition theory","Transition","2","40","vi","non-match","Stratum vi: General goal vs. specific framework/targets (SDGs)."
"BP0306","WEEE management","Weee","4","2","vi","non-match","Stratum vi: Innovation encompasses new technologies as well as new processes/models."
"BP0307","Waste logistics","waste management","2","341","vi","non-match","Stratum vi: Near-synonyms but merging would lose analytical distinction."
"BP0308","Wool waste","Fabric waste","2","3","vi","non-match","Stratum vi: Near-synonyms but merging would lose analytical distinction."
"BP0309","Yeasts","Yeast fermentation","5","3","vi","non-match","Stratum vi: Waste management is a component of the broader circular economy transition."
"BP0310","agricultural sector","agri-food sector","3","5","vi","non-match","Stratum vi: Near-synonyms but merging would lose analytical distinction."
"BP0311","bio-composites","Bio-materials","2","5","vi","non-match","Stratum vi: Near-synonyms but merging would lose analytical distinction."
"BP0312","drying","drying shrinkage","5","2","vi","non-match","Stratum vi: Rule 3; shrinkage is a specific effect of the drying process."
"BP0313","economic model","Bioeconomic model","3","2","vi","non-match","Stratum vi: Distinct waste streams with different origins and treatment requirements."
"BP0314","fecal sludge","sewage sludge","2","41","vi","non-match","Stratum vi: Duplicate pair; confirmed as distinct concepts."
"BP0315","fuzzy logic","fuzzy theory","2","2","vi","non-match","Stratum vi: Near-synonyms but merging would lose analytical distinction."
"BP0316","mechanical characterization","Mechanical characterisation","6","2","vi","non-match","Stratum vi: Near-synonyms but merging would lose analytical distinction."
"BP0317","multi-criteria decision-making (MCDM)","multi-criteria decision-making","3","7","vi","non-match","Stratum vi: Broader-narrower relation; different conceptual granularity."
"BP0318","non-isocyanate polyurethanes","bio-based polyurethanes","2","2","vi","non-match","Stratum vi: Near-synonyms but merging would lose analytical distinction."
"BP0319","organic fraction of municipal solid waste","Municipal solid waste","2","132","vi","non-match","Stratum vi: Broader-narrower relation; different conceptual granularity."
"BP0320","peptides","antimicrobial peptides","6","2","vi","non-match","Stratum vi: Broader-narrower relation; different conceptual granularity."
"BP0321","photochemistry","photocatalysis","2","15","vi","non-match","Stratum vi: Near-synonyms but merging would lose analytical distinction."
"BP0322","salvage","Salvaged","3","2","vi","non-match","Stratum vi: Broader-narrower relation; different conceptual granularity."
"BP0323","social life cycle assessment","life cycle assessment","4","163","vi","non-match","Stratum vi: Broader-narrower relation; different conceptual granularity."
"BP0324","timber","Lumber","3","2","vi","non-match","Stratum vi: Near-synonyms but merging would lose analytical distinction."
"BP0325","wind turbines","Wind farms","3","2","vi","non-match","Stratum vi: Near-synonyms but merging would lose analytical distinction."
"BP0326","Additive Manufacturing","digital fabrication","3","3","vii","non-match","Stratum vii: Broader-narrower relation or related-but-distinct concepts."
"BP0327","Aerogels","hydrogel","4","6","vii","non-match","Stratum vii: Specific material vs. general management practice."
"BP0328","BOF slag","steel slag","2","2","vii","non-match","Stratum vii: Broader-narrower relation or related-but-distinct concepts."
"BP0329","Bio-lubricant","Waste lubricating oil","2","2","vii","non-match","Stratum vii: Biofuels are a specific subset of renewable energy."
"BP0330","Bitumen","asphalt","6","6","vii","non-match","Stratum vii: Broader-narrower relation or related-but-distinct concepts."
"BP0331","Brazil","England","28","3","vii","non-match","Stratum vii: Specific tool vs. broad economic sector."
"BP0332","Catalyst recycling","catalysts","2","2","vii","non-match","Stratum vii: Broader-narrower relation or related-but-distinct concepts."
"BP0333","Catalytic degradation","Chemical degradation","2","2","vii","non-match","Stratum vii: Rule 3; carbon footprint is a specific environmental impact metric."
"BP0334","Central Asia","Mongolia","5","2","vii","non-match","Stratum vii: Broader-narrower relation or related-but-distinct concepts."
"BP0335","Chemical pretreatment","Pretreatment methods","3","2","vii","non-match","Stratum vii: Broad frameworks with distinct theoretical origins."
"BP0336","Contaminated sediments","soil contamination","2","2","vii","non-match","Stratum vii: Broader-narrower relation or related-but-distinct concepts."
"BP0337","Copper smelting","Copper","3","29","vii","non-match","Stratum vii: General cognitive task vs. specific mathematical goal."
"BP0338","DEMATEL-ISM","fuzzy DEMATEL","2","4","vii","non-match","Stratum vii: Broader-narrower relation or related-but-distinct concepts."
"BP0339","Ecolabels","ecotechnologies","3","2","vii","non-match","Stratum vii: Technical enabler vs. systemic economic framework."
"BP0340","Effluent","Secondary effluent","4","3","vii","non-match","Stratum vii: Broader-narrower relation or related-but-distinct concepts."
"BP0341","Emerging technologies","Innovative technologies","8","5","vii","non-match","Stratum vii: Broader-narrower relation or related-but-distinct concepts."
"BP0342","End-of-life tire","waste tire","4","2","vii","non-match","Stratum vii: Social sector vs. general development framework."
"BP0343","Energy recovery","clean energy","79","8","vii","non-match","Stratum vii: Broader-narrower relation or related-but-distinct concepts."
"BP0344","Ethylene","ethylene glycol","3","2","vii","non-match","Stratum vii: Effect vs. the analytical tool used to measure it."
"BP0345","Evaluation framework","Economic evaluation","2","7","vii","non-match","Stratum vii: Broader-narrower relation or related-but-distinct concepts."
"BP0346","Evidence-based policymaking","policymaking","2","6","vii","non-match","Stratum vii: Pollutant category vs. the resulting environmental phenomenon."
"BP0347","Fenton process","Fenton","5","4","vii","non-match","Stratum vii: Broader-narrower relation or related-but-distinct concepts."
"BP0348","Filtration","Microfiltration","3","7","vii","non-match","Stratum vii: Rule 3; IoT is a specific component of digitalization."
"BP0349","Glass powder","Glass","3","7","vii","non-match","Stratum vii: Broader-narrower relation or related-but-distinct concepts."
"BP0350","Green Sukuk","Green","2","6","vii","non-match","Stratum vii: Rule 3; polyethylene is a specific type of plastic."
"BP0351","Grey-DEMATEL","Fuzzy DEMATEL","5","11","vii","non-match","Stratum vii: Broader-narrower relation or related-but-distinct concepts."
"BP0352","Harmless treatment","treatments","3","2","vii","non-match","Stratum vii: Specific industrial strategy within the circular economy."
"BP0353","Hydrogel","aerogel","12","2","vii","non-match","Stratum vii: Broader-narrower relation or related-but-distinct concepts."
"BP0354","Hydrophilization","Lyophilization","2","2","vii","non-match","Stratum vii: Broader-narrower relation or related-but-distinct concepts."
"BP0355","Hydrothermal gasification","biomass gasification","2","2","vii","non-match","Stratum vii: Management field vs. the systemic framework it operates in."
"BP0356","Hydrothermal liquefaction","hydrothermal","13","2","vii","non-match","Stratum vii: Broader-narrower relation or related-but-distinct concepts."
"BP0357","Insect biorefinery","Biorefineries","2","10","vii","non-match","Stratum vii: Broader-narrower relation or related-but-distinct concepts."
"BP0358","Integrated framework","Frameworks","2","2","vii","non-match","Stratum vii: Specific resource-recovery strategy within the circular economy."
"BP0359","Invertebrates","Insects","3","8","vii","non-match","Stratum vii: Broader-narrower relation or related-but-distinct concepts."
"BP0360","LCCA","SLCA","6","2","vii","non-match","Stratum vii: Sectoral practice vs. broad sustainability goal."
"BP0361","Labor","Labour market","3","2","vii","non-match","Stratum vii: Broader-narrower relation or related-but-distinct concepts."
"BP0362","Li-ion","lithium","3","11","vii","non-match","Stratum vii: Broader-narrower relation or related-but-distinct concepts."
"BP0363","Low-tech","technology","2","14","vii","non-match","Stratum vii: Broader-narrower relation or related-but-distinct concepts."
"BP0364","Mexico","Spain","7","15","vii","non-match","Stratum vii: Broader-narrower relation or related-but-distinct concepts."
"BP0365","Microalgae-based wastewater treatment","wastewater treatment plants","2","7","vii","non-match","Stratum vii: Broader-narrower relation or related-but-distinct concepts."
"BP0366","Nanoplastics","nanomaterials","2","15","vii","non-match","Stratum vii: Broader-narrower relation or related-but-distinct concepts."
"BP0367","Nylon","Cotton fabric","2","2","vii","non-match","Stratum vii: Broader-narrower relation or related-but-distinct concepts."
"BP0368","Organic fraction","Fractionation","2","2","vii","non-match","Stratum vii: Broader-narrower relation or related-but-distinct concepts."
"BP0369","PVDF","PV waste","2","3","vii","non-match","Stratum vii: Broader-narrower relation or related-but-distinct concepts."
"BP0370","Pharmaceutical","Medicine","11","3","vii","non-match","Stratum vii: Broader-narrower relation or related-but-distinct concepts."
"BP0371","Quartzite","minerals","2","5","vii","non-match","Stratum vii: Broader-narrower relation or related-but-distinct concepts."
"BP0372","Resource-based cities","Sustainable cities","2","12","vii","non-match","Stratum vii: Broader-narrower relation or related-but-distinct concepts."
"BP0373","Responsible research and innovation","Innovation","3","115","vii","non-match","Stratum vii: Broader-narrower relation or related-but-distinct concepts."
"BP0374","Returnable transport items","Returnable packaging","2","2","vii","non-match","Stratum vii: Broader-narrower relation or related-but-distinct concepts."
"BP0375","Romania","Czech Republic","9","5","vii","non-match","Stratum vii: Broader-narrower relation or related-but-distinct concepts."
"BP0376","Soil respiration","soil","2","14","vii","non-match","Stratum vii: Broader-narrower relation or related-but-distinct concepts."
"BP0377","Soil stabilisation","soil remediation","2","3","vii","non-match","Stratum vii: Broader-narrower relation or related-but-distinct concepts."
"BP0378","Steel structures","Concrete structures","2","2","vii","non-match","Stratum vii: Broader-narrower relation or related-but-distinct concepts."
"BP0379","Symbiosis","industrial symbiosis","2","52","vii","non-match","Stratum vii: Broader-narrower relation or related-but-distinct concepts."
"BP0380","Urban ecosystem services","Urban ecology","2","2","vii","non-match","Stratum vii: Broader-narrower relation or related-but-distinct concepts."
"BP0381","Urban systems","Urban design","5","2","vii","non-match","Stratum vii: Broader-narrower relation or related-but-distinct concepts."
"BP0382","Waste-to-hydrogen","Hydrogen production","2","12","vii","non-match","Stratum vii: Broader-narrower relation or related-but-distinct concepts."
"BP0383","Wind farms","wind energy","2","5","vii","non-match","Stratum vii: Broader-narrower relation or related-but-distinct concepts."
"BP0384","Winery wastes","Forestry waste","5","2","vii","non-match","Stratum vii: Broader-narrower relation or related-but-distinct concepts."
"BP0385","Young consumers","consumer","3","9","vii","non-match","Stratum vii: Broader-narrower relation or related-but-distinct concepts."
"BP0386","aerobic granular sludge","Sludge","2","38","vii","non-match","Stratum vii: Broader-narrower relation or related-but-distinct concepts."
"BP0387","bakery products","agricultural products","3","2","vii","non-match","Stratum vii: Broader-narrower relation or related-but-distinct concepts."
"BP0388","biopolymer","Bioadsorbent","23","2","vii","non-match","Stratum vii: Broader-narrower relation or related-but-distinct concepts."
"BP0389","computational design","Design optimisation","3","2","vii","non-match","Stratum vii: Optimization is a specific task within the field of computational design."
"BP0390","flow chemistry","material flow","2","8","vii","non-match","Stratum vii: Broader-narrower relation or related-but-distinct concepts."
"BP0391","ground tire rubber","Rubber","4","5","vii","non-match","Stratum vii: Broader-narrower relation or related-but-distinct concepts."
"BP0392","natural","natural products","2","3","vii","non-match","Stratum vii: Broader-narrower relation or related-but-distinct concepts."
"BP0393","novel food","Future food","3","2","vii","non-match","Stratum vii: Broader-narrower relation or related-but-distinct concepts."
"BP0394","platform","digital platform","2","3","vii","non-match","Stratum vii: Rule 3; landfilling is a specific subset of waste management."
"BP0395","redesign","Renovation","2","8","vii","non-match","Stratum vii: Temporal perspective vs. systemic goal."
"BP0396","selective laser sintering","Cold sintering","3","2","vii","non-match","Stratum vii: Broader-narrower relation or related-but-distinct concepts."
"BP0397","thermal conductivity","Thermal properties","12","10","vii","non-match","Stratum vii: Broader-narrower relation or related-but-distinct concepts."
"BP0398","vegetable oil","seed oil","5","2","vii","non-match","Stratum vii: Broader-narrower relation or related-but-distinct concepts."
"BP0399","water services","water management","2","5","vii","non-match","Stratum vii: Broader-narrower relation or related-but-distinct concepts."
"BP0400","water-holding capacity","water demand","2","3","vii","non-match","Stratum vii: Broader-narrower relation or related-but-distinct concepts."
"BP0401","3DP","PPP","2","2","viii","uncertain","Stratum viii: Short, opaque acronyms without in-pair expansion; safe adjudication not possible."
"BP0402","3Rs","4R","4","2","viii","uncertain","Stratum viii: Short or opaque acronyms without in-pair expansion; safe adjudication not possible."
"BP0403","Asia","Central Asia","10","5","viii","non-match","Stratum viii: Distinct technologies (Modeling vs. Internet of Things)."
"BP0404","Bali","Malaysia","2","15","viii","non-match","Stratum viii: Distinct concepts with insufficient evidence for equivalence."
"BP0405","Bran","Rice bran oil","2","2","viii","non-match","Stratum viii: Material stream vs. assessment methodology."
"BP0406","C&DW","DfMA","4","2","viii","uncertain","Stratum viii: Opaque acronyms without in-pair expansions; safe adjudication not possible."
"BP0407","C&DW","DfR","4","2","viii","uncertain","Stratum viii: Polysemous acronyms without in-pair lexical expansions."
"BP0408","C2C","DIC","3","2","viii","uncertain","Stratum viii: Short or opaque acronyms without in-pair expansion; safe adjudication not possible."
"BP0409","C2C","CE","3","23","viii","uncertain","Stratum viii: Short or opaque acronyms without in-pair expansion; safe adjudication not possible."
"BP0410","C83","C2C","2","3","viii","uncertain","Stratum viii: Short or opaque acronyms without in-pair expansion; safe adjudication not possible."
"BP0411","CRMs","SCM","2","6","viii","uncertain","Stratum viii: Short or opaque acronyms without in-pair expansion; safe adjudication not possible."
"BP0412","Care","health","2","9","viii","non-match","Stratum viii: Distinct concepts with insufficient evidence for equivalence."
"BP0413","Char","Bone char","17","4","viii","non-match","Stratum viii: Broader-narrower relation or partial lexical overlap; distinct concepts."
"BP0414","Clay","Clay brick","5","2","viii","non-match","Stratum viii: Rule 3; raw material vs. manufactured product."
"BP0415","Cork","Ireland","3","6","viii","non-match","Stratum viii: Distinct concepts with insufficient evidence for equivalence."
"BP0416","DfMA","DfA","2","2","viii","uncertain","Stratum viii: Short or opaque acronyms without in-pair expansion; safe adjudication not possible."
"BP0417","DfR","DfA","2","2","viii","uncertain","Stratum viii: Short or opaque acronyms without in-pair expansion; safe adjudication not possible."
"BP0418","DfR","DfD","2","2","viii","uncertain","Stratum viii: Short or opaque acronyms without in-pair expansion; safe adjudication not possible."
"BP0419","ELVs","RBV","2","2","viii","uncertain","Stratum viii: Short or opaque acronyms without in-pair expansion; safe adjudication not possible."
"BP0420","EU28","EU-27","2","2","viii","non-match","Stratum viii: Trading scheme vs. pollutant category; distinct concepts."
"BP0421","EoL","end-of-life (EOL)","3","2","viii","non-match","Stratum viii: Broader-narrower relation or partial lexical overlap; distinct concepts."
"BP0422","EoL","QoL","3","2","viii","uncertain","Stratum viii: Short or opaque acronyms without in-pair expansion; safe adjudication not possible."
"BP0423","Feed","Chicken feed","12","2","viii","non-match","Stratum viii: Broader-narrower relation or partial lexical overlap; distinct concepts."
"BP0424","Gas","Fuel","2","8","viii","uncertain","Stratum viii: Short or opaque acronyms without in-pair expansion; safe adjudication not possible."
"BP0425","Heat","Cooling","4","3","viii","non-match","Stratum viii: Distinct concepts with insufficient evidence for equivalence."
"BP0426","Hemp","hemp hurd","4","2","viii","non-match","Stratum viii: Broader-narrower relation or partial lexical overlap; distinct concepts."
"BP0427","I4.0","I4.0 technologies","2","2","viii","non-match","Stratum viii: Broader-narrower relation or partial lexical overlap; distinct concepts."
"BP0428","Iron","Iron and steel","8","2","viii","non-match","Stratum viii: Broader-narrower relation or partial lexical overlap; distinct concepts."
"BP0429","KIC4","PCSK9","2","2","viii","non-match","Stratum viii: Distinct concepts with insufficient evidence for equivalence."
"BP0430","KPIs","performance indicators","4","3","viii","non-match","Stratum viii: Distinct concepts with insufficient evidence for equivalence."
"BP0431","KPIs","Performance indicators","4","6","viii","non-match","Stratum viii: Distinct concepts with insufficient evidence for equivalence."
"BP0432","Milk","Milk bottles","3","2","viii","non-match","Stratum viii: Broader-narrower relation or partial lexical overlap; distinct concepts."
"BP0433","NOx","NIAS","2","3","viii","uncertain","Stratum viii: Short or opaque acronyms without in-pair expansion; safe adjudication not possible."
"BP0434","Oil","crude oil","11","2","viii","non-match","Stratum viii: Broader-narrower relation or partial lexical overlap; distinct concepts."
"BP0435","Peat","soil","4","14","viii","uncertain","Stratum viii: Short or opaque acronyms without in-pair expansion; safe adjudication not possible."
"BP0436","Pulp","coffee pulp","2","2","viii","non-match","Stratum viii: Broader-narrower relation or partial lexical overlap; distinct concepts."
"BP0437","Tar","Peat","2","4","viii","uncertain","Stratum viii: Short or opaque acronyms without in-pair expansion; safe adjudication not possible."
"BP0438","Tar","Wool","2","5","viii","uncertain","Stratum viii: Short or opaque acronyms without in-pair expansion; safe adjudication not possible."
"BP0439","Togo","Belgium","2","3","viii","non-match","Stratum viii: Distinct concepts with insufficient evidence for equivalence."
"BP0440","Togo","France","2","7","viii","non-match","Stratum viii: Distinct concepts with insufficient evidence for equivalence."
"BP0441","Urea","Picea abies","6","2","viii","non-match","Stratum viii: Distinct concepts with insufficient evidence for equivalence."
"BP0442","ZnO","Zinc oxide","5","5","viii","non-match","Stratum viii: Distinct concepts with insufficient evidence for equivalence."
"BP0443","beer","brewery","3","3","viii","non-match","Stratum viii: Distinct concepts with insufficient evidence for equivalence."
"BP0444","diet","nutrition","4","7","viii","non-match","Stratum viii: Distinct concepts with insufficient evidence for equivalence."
"BP0445","food","food product","11","2","viii","non-match","Stratum viii: Broader-narrower relation or partial lexical overlap; distinct concepts."
"BP0446","food","Food and feed","11","3","viii","non-match","Stratum viii: Broader-narrower relation or partial lexical overlap; distinct concepts."
"BP0447","gums","Sugars","2","3","viii","non-match","Stratum viii: Distinct concepts with insufficient evidence for equivalence."
"BP0448","hemp","hemp hurd","4","2","viii","non-match","Stratum viii: Broader-narrower relation or partial lexical overlap; distinct concepts."
"BP0449","iron","iron and steel","3","2","viii","non-match","Stratum viii: Broader-narrower relation or partial lexical overlap; distinct concepts."
"BP0450","iron","Iron and steel","3","2","viii","non-match","Stratum viii: Broader-narrower relation or partial lexical overlap; distinct concepts."
"BP0451","lead","Lead time","8","2","viii","non-match","Stratum viii: Broader-narrower relation or partial lexical overlap; distinct concepts."
"BP0452","oil","fuel oil","5","2","viii","non-match","Stratum viii: Broader-narrower relation or partial lexical overlap; distinct concepts."
"BP0453","qPCR","ddPCR","4","2","viii","non-match","Stratum viii: Distinct concepts with insufficient evidence for equivalence."
"BP0454","rice","Rice production","2","2","viii","non-match","Stratum viii: Broader-narrower relation or partial lexical overlap; distinct concepts."
"BP0455","sand","sand substitution","2","2","viii","non-match","Stratum viii: Broader-narrower relation or partial lexical overlap; distinct concepts."
"BP0456","skin","cosmetics","2","5","viii","non-match","Stratum viii: Distinct concepts with insufficient evidence for equivalence."
"BP0457","urea","Picea abies","4","2","viii","non-match","Stratum viii: Distinct concepts with insufficient evidence for equivalence."
"BP0458","wood","Non-wood","9","2","viii","non-match","Stratum viii: Broader-narrower relation or partial lexical overlap; distinct concepts."
"BP0459","zein","Zn","2","3","viii","uncertain","Stratum viii: Short or opaque acronyms without in-pair expansion; safe adjudication not possible."
"BP0460","zinc","zinc oxide","6","4","viii","non-match","Stratum viii: Broader-narrower relation or partial lexical overlap; distinct concepts."
"BP0461","2030 Agenda","agenda setting","6","2","x","non-match","Stratum x: Weak semantic link; distinct concepts from different research traditions."
"BP0462","Active films","Edible films","4","6","x","non-match","Stratum x: Weak semantic link; distinct concepts from different research traditions."
"BP0463","Antimony","Arsenic","5","12","x","non-match","Stratum x: Weak semantic link; distinct concepts from different research traditions."
"BP0464","Baltic Sea","European sea bass","3","2","x","non-match","Stratum x: Weak semantic link; distinct concepts from different research traditions."
"BP0465","Biosphere","Amazon biome","3","2","x","non-match","Stratum x: Weak semantic link; distinct concepts from different research traditions."
"BP0466","CORS","co-processing","2","2","x","non-match","Stratum x: Weak semantic link; distinct concepts from different research traditions."
"BP0467","Carbothermic reduction","Reduction","5","10","x","non-match","Stratum x: Weak semantic link; distinct concepts from different research traditions."
"BP0468","Carboxymethylcellulose","cellulose","2","38","x","non-match","Stratum x: Weak semantic link; distinct concepts from different research traditions."
"BP0469","Competencies","Certifications","5","2","x","non-match","Stratum x: Weak semantic link; distinct concepts from different research traditions."
"BP0470","Connection","Internet","3","2","x","non-match","Stratum x: Weak semantic link; distinct concepts from different research traditions."
"BP0471","D2EHPA","DfA","2","2","x","non-match","Stratum x: Weak semantic link; distinct concepts from different research traditions."
"BP0472","Data fusion","Data-driven","2","8","x","non-match","Stratum x: Weak semantic link; distinct concepts from different research traditions."
"BP0473","Detoxification","waste treatment","2","12","x","non-match","Stratum x: Weak semantic link; distinct concepts from different research traditions."
"BP0474","Dimension stone","ornamental stone waste","3","2","x","non-match","Stratum x: Weak semantic link; distinct concepts from different research traditions."
"BP0475","Fouling","turnover","5","2","x","non-match","Stratum x: Weak semantic link; distinct concepts from different research traditions."
"BP0476","Intrinsic value","Value","2","4","x","non-match","Stratum x: Weak semantic link; distinct concepts from different research traditions."
"BP0477","Lean Six Sigma","lean management","4","2","x","non-match","Stratum x: Weak semantic link; distinct concepts from different research traditions."
"BP0478","Mollusc shells","Almond shells","2","4","x","non-match","Stratum x: Weak semantic link; distinct concepts from different research traditions."
"BP0479","Nexus","smartphones","5","2","x","non-match","Stratum x: Weak semantic link; distinct concepts from different research traditions."
"BP0480","Nisin","nitrates","3","3","x","non-match","Stratum x: Weak semantic link; distinct concepts from different research traditions."
"BP0481","PF-AHP","fuzzy AHP","3","3","x","non-match","Stratum x: Weak semantic link; distinct concepts from different research traditions."
"BP0482","Psychology","behavior","2","2","x","non-match","Stratum x: Weak semantic link; distinct concepts from different research traditions."
"BP0483","Reforming","Reprocessing","3","8","x","non-match","Stratum x: Weak semantic link; distinct concepts from different research traditions."
"BP0484","Rwanda","Kenya","5","8","x","non-match","Stratum x: Weak semantic link; distinct concepts from different research traditions."
"BP0485","Seasonal analysis","forecast","2","2","x","non-match","Stratum x: Weak semantic link; distinct concepts from different research traditions."
"BP0486","Second-Year Undergraduate","Higher education","4","15","x","non-match","Stratum x: Weak semantic link; distinct concepts from different research traditions."
"BP0487","Situated learning","organisational learning","2","2","x","non-match","Stratum x: Weak semantic link; distinct concepts from different research traditions."
"BP0488","Starch","thermoplastic starch (TPS)","10","2","x","non-match","Stratum x: Weak semantic link; distinct concepts from different research traditions."
"BP0489","Stocks and flows","In-use stocks","2","5","x","non-match","Stratum x: Weak semantic link; distinct concepts from different research traditions."
"BP0490","Transesterification","gasification","15","23","x","non-match","Stratum x: Weak semantic link; distinct concepts from different research traditions."
"BP0491","Urban runoff","Urban wastewater","2","6","x","non-match","Stratum x: Weak semantic link; distinct concepts from different research traditions."
"BP0492","Vine shoots","grape","3","3","x","non-match","Stratum x: Weak semantic link; distinct concepts from different research traditions."
"BP0493","latent class analysis","Classification","2","12","x","non-match","Stratum x: Weak semantic link; distinct concepts from different research traditions."
"BP0494","ocean gyre","Ocean plastics","2","3","x","non-match","Stratum x: Weak semantic link; distinct concepts from different research traditions."
"BP0495","pH regulation","Soil pH","2","2","x","non-match","Stratum x: Weak semantic link; distinct concepts from different research traditions."
"BP0496","particle size distribution","particle properties","2","2","x","non-match","Stratum x: Weak semantic link; distinct concepts from different research traditions."
"BP0497","planetary health","health","2","9","x","non-match","Stratum x: Weak semantic link; distinct concepts from different research traditions."
"BP0498","septic tank","Sewage management","2","2","x","non-match","Stratum x: Weak semantic link; distinct concepts from different research traditions."
"BP0499","shipping","packaging","3","31","x","non-match","Stratum x: Weak semantic link; distinct concepts from different research traditions."
"BP0500","transitional probabilities","Transition","2","40","x","non-match","Stratum x: Weak semantic link; distinct concepts from different research traditions."
