pair_id,keyword_a,keyword_b,stratum,gold_label,pred_full_dag,pred_b6,error_category,b6_error_category,justification,confidence,guard_applied
BP0331,Brazil,England,vii,non_match,non_match,non_match,TN,TN,"Brazil and England are distinct geographic entities (countries) representing different concepts in bibliometric analysis. They are not spelling variants, synonyms, or alternative representations of the same concept.",0.99,
BP0346,Evidence-based policymaking,policymaking,vii,non_match,non_match,non_match,TN,TN,"Broader-narrower relation. 'Evidence-based policymaking' is a specific methodological approach to policymaking that emphasizes empirical evidence, while 'policymaking' is the general concept encompassing all policy development processes regardless of methodology.",0.95,
BP0249,global scale,Global scales,v,match,match,match,TP,TP,"Singular-plural variant. 'Global scale' and 'global scales' represent the same bibliometric concept, differing only in grammatical number. Both refer to analysis or phenomena at the global level.",0.95,
BP0110,ICT,information communication technology (ICT) exploratory-exploitative innovation,iii,match,non_match,non_match,FN,FN,"Keyword A is a simple acronym (ICT), while Keyword B is a complex multi-concept phrase combining ICT with exploratory-exploitative innovation framework. These represent different levels of specificity and conceptual scope—one is a broad domain term, the other is a specific theoretical construct combining ICT with innovation typology. They should not be merged as the same concept node.",0.85,
BP0372,Resource-based cities,Sustainable cities,vii,non_match,non_match,non_match,TN,TN,"These represent related but distinct concepts. Resource-based cities refers to urban areas economically dependent on natural resource extraction, while sustainable cities refers to urban areas designed for environmental and social sustainability. They address different primary characteristics and are not conceptually identical.",0.85,
BP0120,PCB,Pro-Circular Behaviour,iii,uncertain,non_match,non_match,Missed_Abstention,Missed_Abstention,"PCB is a polysemous acronym with multiple established meanings in bibliometric literature (printed circuit board, polychlorinated biphenyl, etc.), while 'Pro-Circular Behaviour' is a fully spelled concept term. These represent distinct concepts with no clear acronym-expansion relationship. PCB does not expand to Pro-Circular Behaviour in standard bibliometric or scientific usage.",0.95,
BP0139,VOC,volatile organic compounds,iii,match,match,match,TP,TP,VOC is the standard acronym for volatile organic compounds. This is an unambiguous acronym-expansion pair widely used in environmental and chemical literature.,0.95,
BP0061,Sustainable development,Sustainable sourcing,ii,non_match,non_match,non_match,TN,TN,"Broader-narrower relation. Sustainable sourcing is a specific practice within supply chain management, while sustainable development is a broader conceptual framework encompassing economic, social, and environmental dimensions across all sectors. These are related but distinct concepts that should not be merged in a bibliometric thematic map.",0.92,
BP0144,Cost efficiency,Cost-efficiency,iv,match,match,match,TP,TP,"Punctuation/hyphenation variant. 'Cost efficiency' and 'Cost-efficiency' represent the same concept, differing only in whether the compound modifier is hyphenated. Both refer to the same bibliometric concept of achieving maximum output relative to input costs.",0.95,
BP0486,Second-Year Undergraduate,Higher education,x,non_match,non_match,non_match,TN,TN,"These represent a broader-narrower relation. 'Second-Year Undergraduate' is a specific student demographic or academic level within higher education, while 'Higher education' is the broader institutional context. They are related but conceptually distinct and should not be merged as the same concept node.",0.95,
BP0232,Industrial cluster,Industrial clusters,v,match,match,match,TP,TP,"Singular-plural variant of the same concept. 'Industrial cluster' and 'industrial clusters' refer to the identical bibliometric concept, differing only in grammatical number.",0.99,
BP0103,EOL,End-of-life (EoL),iii,match,match,match,TP,TP,"EOL is a standard acronym for 'End-of-life' (EoL). This is an unambiguous acronym-expansion pair representing the same bibliometric concept, with only formatting/punctuation variants distinguishing them.",0.95,
BP0433,NOx,NIAS,viii,uncertain,non_match,non_match,Missed_Abstention,Missed_Abstention,"NOx refers to nitrogen oxides (a chemical compound class), while NIAS refers to Non-Intentionally Added Substances (a regulatory/food safety concept). These are distinct concepts with no semantic overlap despite both being acronyms in environmental/chemical contexts.",0.95,
BP0396,selective laser sintering,Cold sintering,vii,non_match,non_match,non_match,TN,TN,"These represent distinct sintering processes with different mechanisms and operating conditions. Selective laser sintering uses laser energy for localized melting/fusion in additive manufacturing, while cold sintering is a low-temperature consolidation technique. They are related but conceptually distinct manufacturing methods.",0.95,
BP0414,Clay,Clay brick,viii,non_match,non_match,non_match,TN,TN,"Broader-narrower relation: 'Clay' is a raw material, while 'Clay brick' is a specific manufactured product made from clay. These represent distinct concepts in bibliometric mapping despite their material relationship.",0.85,
BP0440,Togo,France,viii,non_match,non_match,non_match,TN,TN,These are distinct geographic entities (two different countries in West Africa and Western Europe respectively). They represent different bibliometric concepts and should not be merged in a thematic map.,0.99,
BP0361,Labor,Labour market,vii,non_match,non_match,non_match,TN,TN,"These represent related but distinct concepts. 'Labor' is a broader term referring to work and workers generally, while 'Labour market' is a narrower, more specific concept referring to the economic system where labor is bought and sold. They are not conceptually identical.",0.95,
BP0301,Stainless steel slag,steel slag aggregate,vi,non_match,non_match,non_match,TN,TN,"While both terms relate to slag from steel production, they represent distinct concepts: 'stainless steel slag' specifies slag from stainless steel manufacturing (a narrower category), whereas 'steel slag aggregate' refers to slag used as aggregate material in construction/engineering applications (a functional/application-based category). These are related but conceptually distinct.",0.75,
BP0261,Circular development,circular construction,vi,non_match,non_match,non_match,TN,TN,"These represent related but distinct concepts. 'Circular development' refers to a broader developmental paradigm emphasizing cyclical or sustainable growth patterns, while 'circular construction' specifically addresses circular economy principles applied to the construction/building sector. They are narrower-broader relations within the circular economy domain rather than conceptually identical terms.",0.85,
BP0299,Spent lithium-ion batteries,lithium-ion batteries,vi,non_match,non_match,non_match,TN,TN,"Broader-narrower relation: 'lithium-ion batteries' is the general concept, while 'spent lithium-ion batteries' refers specifically to end-of-life or used batteries. These represent distinct concepts in bibliometric mapping, as research on spent batteries typically focuses on recycling, recovery, and waste management, whereas general lithium-ion battery research covers manufacturing, performance, and applications.",0.95,
BP0420,EU28,EU-27,viii,non_match,non_match,non_match,TN,TN,"EU28 and EU-27 refer to different compositions of European Union member states. EU28 includes the United Kingdom (pre-Brexit), while EU-27 is the post-Brexit composition. These represent distinct, time-specific political entities and should not be merged as the same concept node.",0.95,
BP0241,PETase,PETases,v,match,match,match,TP,TP,"Singular-plural variant. PETase and PETases refer to the same enzyme (polyethylene terephthalate hydrolase) in singular and plural forms respectively, representing the same bibliometric concept.",0.95,
BP0356,Hydrothermal liquefaction,hydrothermal,vii,non_match,non_match,non_match,TN,TN,"Broader-narrower relation: 'hydrothermal liquefaction' is a specific process/technique that uses hydrothermal conditions, while 'hydrothermal' is a general descriptor applicable to many different processes and phenomena. These should be treated as distinct concept nodes.",0.95,
BP0490,Transesterification,gasification,x,non_match,non_match,non_match,TN,TN,"Transesterification and gasification are distinct chemical processes. Transesterification is a reaction converting esters (typically oils/fats) into biodiesel and glycerol, while gasification converts solid biomass into synthesis gas through thermal decomposition. These are related but conceptually separate processes in biofuel/biomass conversion.",0.95,
BP0487,Situated learning,organisational learning,x,non_match,non_match,non_match,TN,TN,"These represent related but distinct concepts. Situated learning is a specific pedagogical theory emphasizing learning within authentic contexts and social interaction, while organisational learning refers to how organizations acquire, process, and apply knowledge. They are broader-narrower related concepts that should not be merged into a single node.",0.92,
BP0252,Bacteria,Microbes,vi,non_match,non_match,match,TN,FP,"While bacteria are a type of microbe, 'microbes' is a broader concept that encompasses bacteria, archaea, fungi, viruses, and other microscopic organisms. This is a narrower-broader relation rather than conceptual equivalence, and they should be treated as distinct nodes in a bibliometric thematic map.",0.85,
BP0483,Reforming,Reprocessing,x,non_match,non_match,non_match,TN,TN,"These are distinct concepts with different meanings. 'Reforming' refers to changing or improving something structurally or systematically, while 'reprocessing' refers to processing something again. They are related but semantically distinct terms that should not be merged in a bibliometric thematic map.",0.95,
BP0500,transitional probabilities,Transition,x,non_match,non_match,match,TN,FP,"Broader-narrower relation. 'Transition' is a general concept, while 'transitional probabilities' is a specific technical concept referring to probability matrices in Markov chains and stochastic processes. These are not conceptually identical despite semantic relatedness.",0.85,
BP0266,Creative reuse,reuse,vi,non_match,non_match,non_match,TN,TN,"Broader-narrower relation: 'Creative reuse' is a specific type or application of 'reuse' that emphasizes the creative or innovative aspect of reusing materials/objects. 'Reuse' is the broader concept encompassing all forms of reusing items, while 'creative reuse' narrows this to a particular context or approach. These should be distinct concept nodes in a bibliometric map.",0.85,
BP0085,waste valorization,Waste diversion rate,ii,non_match,non_match,non_match,TN,TN,"These represent related but distinct concepts. 'Waste valorization' refers to converting waste into valuable products or energy, while 'waste diversion rate' is a metric measuring the percentage of waste diverted from landfills. One is a process/strategy, the other is a performance indicator.",0.92,
BP0238,Nano-composite,nano-composites,v,match,match,match,TP,TP,"Singular-plural variant of the same concept. 'Nano-composite' and 'nano-composites' refer to identical material structures, differing only in grammatical number.",0.95,
BP0262,Circularity challenges,Building circularity,vi,non_match,non_match,non_match,TN,TN,"These represent related but distinct concepts. 'Circularity challenges' focuses on obstacles and problems in achieving circularity, while 'Building circularity' focuses on the process of constructing or implementing circular systems. They address different aspects of the same domain and should not be merged as identical concept nodes.",0.85,
BP0163,bioelectrochemistry,bio-electrochemistry,iv,match,match,match,TP,TP,Punctuation/hyphenation variant. 'Bioelectrochemistry' and 'bio-electrochemistry' represent the same concept with different formatting conventions (compound word vs. hyphenated form). Both refer to the study of electrochemical processes in biological systems.,0.95,
BP0367,Nylon,Cotton fabric,vii,non_match,non_match,non_match,TN,TN,"Nylon and cotton fabric represent distinct material concepts. Nylon is a synthetic polymer fiber, while cotton fabric is a natural cellulose-based textile. These are different material types with different properties, production methods, and applications, constituting related but distinct concepts rather than the same bibliometric concept.",0.95,
BP0167,e-waste recycling,Ewaste recycling,iv,match,match,non_match,TP,FN,"Spelling variant: 'e-waste' and 'Ewaste' represent the same concept with different hyphenation/formatting conventions. Both refer to electronic waste recycling, differing only in punctuation style.",0.95,
BP0189,DP,DPSIR,ix,uncertain,non_match,non_match,Missed_Abstention,Missed_Abstention,"DP is a broader-narrower relation to DPSIR. DPSIR is a specific framework (Drivers-Pressures-State-Impact-Response) while DP likely refers to 'Driving forces-Pressures' or a partial acronym. These are distinct concepts where one is a component or subset of the other, not equivalent terms.",0.85,
BP0375,Romania,Czech Republic,vii,non_match,non_match,non_match,TN,TN,"These are distinct geographic entities representing different countries in Europe. While both are European nations and may appear together in comparative studies, they are separate bibliometric concepts that should not be merged into a single concept node.",0.99,
BP0289,Multidimensional indicators,indicators,vi,non_match,non_match,non_match,TN,TN,Broader-narrower relation: 'Multidimensional indicators' is a specific type or subset of 'indicators' with an additional qualifying dimension. These should be treated as distinct concept nodes in a bibliometric thematic map.,0.95,
BP0197,LM,LMDI,ix,uncertain,non_match,non_match,Missed_Abstention,Missed_Abstention,"LMDI (Logarithmic Mean Divisia Index) is a specific decomposition method, while LM is an ambiguous acronym that could represent multiple concepts (Language Model, Linear Model, etc.). LMDI is a narrower, more specific concept than the generic LM abbreviation.",0.85,
BP0303,Surface morphology,Surface characterization,vi,non_match,non_match,non_match,TN,TN,"Surface morphology refers specifically to the physical shape, structure, and topographical features of a surface, while surface characterization is a broader concept encompassing multiple analytical techniques and properties (morphology, composition, roughness, etc.). These represent a narrower-broader relation rather than conceptual equivalence.",0.85,
BP0438,Tar,Wool,viii,non_match,non_match,non_match,TN,TN,"Tar and wool are distinct material substances with different chemical compositions, sources, and applications. Tar is a viscous petroleum byproduct, while wool is a natural protein fiber from sheep. These represent unrelated concepts in bibliometric classification.",0.95,
BP0055,Nitrogen removal,nitrogen mineralization,ii,non_match,non_match,non_match,TN,TN,"These represent distinct biogeochemical processes: nitrogen removal refers to the elimination of nitrogen from a system (e.g., denitrification, anammox), while nitrogen mineralization refers to the conversion of organic nitrogen to inorganic forms. They are related but conceptually different processes in the nitrogen cycle.",0.95,
BP0437,Tar,Peat,viii,non_match,non_match,non_match,TN,TN,"Tar and peat are related but distinct concepts. Peat is a precursor material (partially decomposed plant matter), while tar is a processed product derived from various sources including peat, coal, or wood. They represent different stages in material transformation and should be treated as separate concept nodes.",0.95,
BP0454,rice,Rice production,viii,non_match,non_match,non_match,TN,TN,"Broader-narrower relation: 'rice' is a general concept referring to the crop itself, while 'rice production' is a narrower concept specifically addressing the cultivation and yield processes. These represent distinct concept nodes in bibliometric mapping.",0.95,
BP0170,multi-criteria decision-making (MCDM),Multi-criteria decision making (MCDM),iv,match,match,match,TP,TP,"These are identical concepts with only minor punctuation/formatting variants: hyphenation in 'multi-criteria' versus no hyphen, and capitalization differences. Both expand to the same acronym (MCDM) and represent the same bibliometric concept.",0.99,
BP0204,Pb,PBL,ix,uncertain,non_match,non_match,Missed_Abstention,Missed_Abstention,"Pb is the chemical symbol for lead (element), while PBL is an acronym for problem-based learning. These represent entirely distinct concepts with no semantic overlap.",0.95,
BP0449,iron,iron and steel,viii,non_match,non_match,non_match,TN,TN,"Broader-narrower relation: 'iron and steel' is a compound concept that encompasses both iron and steel as materials, while 'iron' refers only to the element/material iron. These are distinct concept nodes in bibliometric mapping, as research on iron specifically differs from research on the iron-steel material system.",0.95,
BP0088,CAD,Construction and demolitionwaste,iii,uncertain,non_match,non_match,Missed_Abstention,Missed_Abstention,"CAD is a polysemous acronym (Computer-Aided Design, Coronary Artery Disease, or Canadian Dollar), while 'Construction and demolition waste' is a specific environmental/waste management concept. These represent distinct concepts with no semantic overlap regardless of CAD's expansion.",0.95,
BP0298,Social metabolism,Socioeconomic metabolism,vi,match,non_match,match,FN,TP,"While both terms address metabolic processes in social systems, 'social metabolism' is broader and more general, whereas 'socioeconomic metabolism' specifically emphasizes the economic dimension of social metabolic processes. These represent related but distinct conceptual framings that should not be merged as identical concept nodes.",0.75,
BP0153,Product service system (PSS),Product/service system (PSS),iv,match,match,match,TP,TP,"These are punctuation/formatting variants of the same concept. Both represent 'Product Service System' with identical acronym (PSS), differing only in the separator used between 'Product' and 'service' (space vs. slash). This is a standard bibliometric formatting variation.",0.98,
BP0379,Symbiosis,industrial symbiosis,vii,non_match,non_match,non_match,TN,TN,"Broader-narrower relation. 'Symbiosis' is a general biological concept describing mutualistic relationships between organisms, while 'industrial symbiosis' is a specific application of symbiotic principles to industrial ecology and waste exchange systems. These are distinct concepts despite the hierarchical relationship.",0.95,
BP0019,Olive mill waste,olive mill waste,i,match,match,match,TP,TP,These strings are identical except for capitalization of the first word. This is a punctuation/formatting variant representing the same bibliometric concept.,0.99,
BP0080,sustainable materials,Sustainable end-of-life management,ii,non_match,non_match,non_match,TN,TN,"These represent related but distinct concepts. 'Sustainable materials' focuses on the properties and sourcing of materials themselves, while 'Sustainable end-of-life management' addresses the disposal and lifecycle closure phase. They are broader-narrower related concepts within sustainability discourse but are not conceptually identical.",0.92,
BP0106,FCM,Fuzzy cognitive mapping,iii,match,match,match,TP,TP,"FCM is a standard acronym for Fuzzy Cognitive Mapping, a well-established methodology in systems modeling and decision-making. This is an unambiguous acronym-expansion pair where the acronym directly represents the full term.",0.95,
BP0281,Inorganic waste,biological waste,vi,non_match,non_match,non_match,TN,TN,"These represent distinct waste categories based on their origin and composition. Inorganic waste refers to non-living materials (metals, minerals, plastics), while biological waste refers to organic materials from living organisms (food scraps, medical waste, sewage). They are related but conceptually separate waste types.",0.95,
BP0008,Enzyme,enzyme,i,match,match,match,TP,TP,These strings represent identical concepts with only a capitalization difference. Capitalization variants are standard formatting differences that should be normalized to the same concept node in bibliometric mapping.,0.99,
BP0113,MADM,multi-attribute decision-making,iii,match,match,match,TP,TP,MADM is a standard acronym for multi-attribute decision-making. This is an unambiguous acronym-expansion pair where the acronym directly represents the full term.,0.95,
BP0038,environmental behavior,Environmental behavior,i,match,match,match,TP,TP,These strings are identical except for capitalization of the first letter. This is a capitalization/formatting variant of the same concept and should be treated as the same bibliometric concept node.,0.99,
BP0456,skin,cosmetics,viii,non_match,non_match,non_match,TN,TN,"These represent related but distinct concepts. 'Skin' is a biological tissue/organ, while 'cosmetics' are products applied to skin. They have a subject-object relationship rather than conceptual equivalence, making them separate nodes in a bibliometric thematic map.",0.95,
BP0209,TN,Transition,ix,uncertain,uncertain,match,Correct_Abstention,Missed_Abstention,"TN is a polysemous acronym with multiple possible expansions (e.g., Tunisia, Tennessee, True Negative, Thermal Noise, etc.). Without additional context, it cannot be confidently determined whether TN expands to 'Transition' or represents a different concept entirely. The acronym-expansion relationship is unresolved.",0.3,
BP0213,UV,UV-Vis,ix,uncertain,non_match,non_match,Missed_Abstention,Missed_Abstention,"UV refers to ultraviolet radiation/spectroscopy alone, while UV-Vis refers to combined ultraviolet-visible spectroscopy. These represent distinct but related analytical techniques with different scopes and applications, constituting a broader-narrower relation rather than conceptual equivalence.",0.85,
BP0401,3DP,PPP,viii,uncertain,non_match,non_match,Missed_Abstention,Missed_Abstention,"3DP is an acronym for 3D Printing, while PPP is an acronym for Public-Private Partnership. These are distinct concepts from different domains (manufacturing/technology vs. governance/finance) with no semantic overlap.",0.95,
BP0465,Biosphere,Amazon biome,x,non_match,non_match,non_match,TN,TN,"Broader-narrower relation: 'Biosphere' refers to the global system of all living organisms and their interactions with the physical environment, while 'Amazon biome' refers to a specific regional biome within the biosphere. These are distinct hierarchical concepts.",0.95,
BP0473,Detoxification,waste treatment,x,non_match,non_match,non_match,TN,TN,"Detoxification refers specifically to the removal or neutralization of toxic substances, while waste treatment is a broader concept encompassing various processes for managing waste materials. These are related but distinct concepts—detoxification is a narrower, specialized treatment approach, whereas waste treatment is a superordinate category that includes detoxification as one possible method among many.",0.85,
BP0172,omega-3 fatty acids,omega3 fatty acids,iv,match,match,match,TP,TP,Punctuation/formatting variant. 'Omega-3' and 'omega3' represent the same chemical concept; the hyphen is a stylistic choice in notation. Both refer to the identical class of polyunsaturated fatty acids.,0.95,
BP0129,SE,Sanitation economy,iii,uncertain,uncertain,match,Correct_Abstention,Missed_Abstention,"SE is a polysemous acronym with multiple possible expansions (Software Engineering, Structural Engineering, Socioeconomic, etc.). Without additional context, it cannot be confidently matched to 'Sanitation economy'. While SE could theoretically expand to 'Sanitation Economy', this is not a standard or widely recognized expansion, making the connection unresolved.",0.3,
BP0246,bio-composite material,Bio-composite materials,v,match,match,match,TP,TP,These strings represent the same concept with only singular-plural and capitalization variants. 'Bio-composite material' (singular) and 'Bio-composite materials' (plural) are standard bibliometric variants of the same concept node.,0.95,
BP0355,Hydrothermal gasification,biomass gasification,vii,non_match,non_match,non_match,TN,TN,"Hydrothermal gasification is a specific gasification method using water/steam at high pressure and temperature, while biomass gasification is a broader category encompassing multiple conversion technologies (pyrolysis, combustion, various gasification methods). These represent a broader-narrower relation rather than conceptual equivalence.",0.85,
BP0397,thermal conductivity,Thermal properties,vii,non_match,non_match,non_match,TN,TN,"Broader-narrower relation: thermal conductivity is a specific thermal property, while thermal properties is a broader category encompassing multiple properties (conductivity, diffusivity, capacity, etc.). These should not be merged as the same concept node.",0.95,
BP0251,Adaptive reuse,Reusability,vi,non_match,non_match,non_match,TN,TN,"These represent related but distinct concepts. 'Adaptive reuse' refers to the specific practice of converting existing structures for new purposes, while 'reusability' is a broader property or characteristic of being able to be reused. Adaptive reuse is a narrower, context-specific application within the broader concept of reusability.",0.85,
BP0370,Pharmaceutical,Medicine,vii,non_match,non_match,match,TN,FP,"Broader-narrower relation: 'Pharmaceutical' refers specifically to drugs and medicinal substances, while 'Medicine' is a broader concept encompassing the entire field of medical science, practice, and treatment. These are related but distinct concepts that should not be merged in a bibliometric thematic map.",0.85,
BP0400,water-holding capacity,water demand,vii,non_match,non_match,non_match,TN,TN,"These represent related but distinct concepts. Water-holding capacity refers to the soil's ability to retain water, while water demand refers to the amount of water required or consumed. They are semantically proximate terms within water management but are conceptually different properties.",0.95,
BP0035,chicken litter,Chicken litter,i,match,match,match,TP,TP,These strings represent the same concept with only a capitalization difference. 'Chicken litter' and 'Chicken litter' are identical in meaning and should be treated as the same bibliometric concept node.,0.99,
BP0095,CT,crop trials,iii,uncertain,non_match,match,Missed_Abstention,Missed_Abstention,"CT is a polysemous acronym with multiple meanings (computed tomography, clinical trials, etc.), while 'crop trials' refers to a specific agricultural research methodology. These are distinct concepts with no clear semantic overlap.",0.95,
BP0133,SM,Sea mining,iii,uncertain,uncertain,match,Correct_Abstention,Missed_Abstention,"SM is a polysemous acronym with multiple possible expansions (e.g., 'social media', 'supply management', 'systems management'). While 'sea mining' could theoretically expand to SM, there is insufficient evidence that SM is a standard or recognized abbreviation for 'sea mining' in bibliometric literature. The connection cannot be confidently established without additional context.",0.35,
BP0099,ED,Electrode design,iii,uncertain,uncertain,match,Correct_Abstention,Missed_Abstention,"ED is a polysemous acronym with multiple possible expansions (Electrode Design, Erectile Dysfunction, Eating Disorder, etc.). Without additional context, it cannot be confidently determined whether ED specifically refers to 'Electrode design' or another concept entirely.",0.3,
BP0404,Bali,Malaysia,viii,non_match,non_match,non_match,TN,TN,"Bali and Malaysia are distinct geographic entities. Bali is a province/island in Indonesia, while Malaysia is a separate sovereign nation in Southeast Asia. These represent different geographic concepts and should not be merged in a bibliometric thematic map.",0.99,
BP0475,Fouling,turnover,x,non_match,non_match,non_match,TN,TN,"These are related but distinct concepts. 'Fouling' refers to the accumulation of unwanted material on surfaces (common in membrane technology, heat exchangers, and marine contexts), while 'turnover' refers to the rate of replacement or cycling of a substance or workforce. Though both may appear in related research contexts, they represent fundamentally different phenomena and should not be merged as the same concept node.",0.95,
BP0353,Hydrogel,aerogel,vii,non_match,non_match,non_match,TN,TN,"Hydrogels and aerogels are distinct material classes with different structural properties and compositions. Hydrogels are polymer networks swollen with water, while aerogels are highly porous solids with air as the dispersed phase. These represent related but fundamentally different concepts in materials science.",0.95,
BP0239,Nudge,Nudges,v,match,match,match,TP,TP,"Singular-plural variant of the same concept. 'Nudge' and 'nudges' refer to the identical bibliometric concept in behavioral economics and policy design, differing only in grammatical number.",0.95,
BP0021,Poultry manure,poultry manure,i,match,match,match,TP,TP,"These strings represent identical concepts with only a capitalization difference. Keyword A uses title case while Keyword B uses lowercase, which is a formatting variant rather than a conceptual difference.",0.99,
BP0226,Feather,Feathers,v,match,match,match,TP,TP,Singular-plural variant of the same concept. 'Feather' and 'Feathers' refer to the identical biological structure and should be harmonized to a single concept node in bibliometric mapping.,0.95,
BP0329,Bio-lubricant,Waste lubricating oil,vii,non_match,non_match,non_match,TN,TN,"These represent distinct concepts: bio-lubricant refers to lubricants derived from biological/renewable sources, while waste lubricating oil refers to used/spent lubricant that requires disposal or recycling. They are related but conceptually different—one is a source/type category, the other is a waste/end-of-life category.",0.95,
BP0276,Glass,Foam glass,vi,non_match,non_match,non_match,TN,TN,"Broader-narrower relation: 'Glass' is a general material category, while 'Foam glass' is a specific type of glass with distinct properties (porous structure). These represent different conceptual levels in a material hierarchy and should be treated as separate nodes in a bibliometric thematic map.",0.95,
BP0053,Metals,Metabolism,ii,non_match,non_match,non_match,TN,TN,"These are semantically distinct concepts. 'Metals' refers to chemical elements and their compounds, while 'Metabolism' refers to biochemical processes in living organisms. They are unrelated despite potential co-occurrence in studies of metal metabolism.",0.99,
BP0374,Returnable transport items,Returnable packaging,vii,non_match,non_match,match,TN,FP,"While both concepts relate to reusable containers in supply chains, 'returnable transport items' is broader and encompasses all reusable items used for transportation (pallets, crates, containers), whereas 'returnable packaging' specifically refers to packaging materials designed for reuse. These represent related but distinct concepts in logistics and sustainability literature.",0.75,
BP0050,Environmental risk,Environment Protection,ii,non_match,non_match,non_match,TN,TN,"These represent related but distinct concepts. 'Environmental risk' focuses on hazards and threats to the environment, while 'Environment Protection' focuses on preventive and conservation measures. They are broader-narrower related concepts rather than synonymous terms.",0.85,
BP0147,Life cycle,Lifecycle,iv,match,match,match,TP,TP,Spelling variant. 'Life cycle' (two words) and 'Lifecycle' (one word) represent the same concept with different orthographic conventions. Both refer to the same bibliometric concept of analyzing stages or phases from inception to end.,0.95,
BP0390,flow chemistry,material flow,vii,non_match,non_match,non_match,TN,TN,"These represent related but distinct concepts. 'Flow chemistry' refers to chemical reactions conducted in continuous flow reactors or microfluidic systems, while 'material flow' refers to the movement and tracking of materials through processes or supply chains. They are semantically proximate but conceptually different research domains.",0.95,
BP0042,Circular design,Circular innovation,ii,non_match,non_match,non_match,TN,TN,"While both terms relate to circular economy principles, they represent distinct concepts: 'circular design' focuses on the design phase and product lifecycle considerations, whereas 'circular innovation' emphasizes novel approaches and business model innovations within circular systems. These are related but conceptually distinct aspects of the circular economy.",0.85,
BP0208,SE,SEM,ix,uncertain,uncertain,non_match,Correct_Abstention,Missed_Abstention,"SE and SEM are both polysemous acronyms with multiple possible expansions (SE could be Software Engineering, Structural Equation, or Standard Error; SEM could be Scanning Electron Microscopy, Structural Equation Modeling, or Standard Error of the Mean). Without additional context, it is impossible to determine whether they represent the same concept or different ones.",0.3,
BP0098,ED,emerging destination,iii,uncertain,uncertain,match,Correct_Abstention,Missed_Abstention,"ED is a polysemous acronym with multiple possible expansions (e.g., erectile dysfunction, emergency department, eating disorder, educational development). While 'emerging destination' is a plausible expansion in tourism/travel contexts, the acronym alone is too ambiguous to confidently match it to this specific concept without additional context.",0.3,
BP0247,blended cement,Blended cements,v,match,match,match,TP,TP,"Singular-plural variant of the same concept. 'Blended cement' and 'blended cements' refer to the identical material/concept, differing only in grammatical number.",0.95,
BP0344,Ethylene,ethylene glycol,vii,non_match,non_match,non_match,TN,TN,"Ethylene is a simple organic compound (C2H4), while ethylene glycol is a derivative compound (C2H6O2) with different chemical properties and applications. This is a broader-narrower relation where ethylene glycol contains ethylene as a structural component but represents a distinct chemical entity with its own specific uses and characteristics.",0.95,
BP0292,Plastic degradation,Biodegradable plastic,vi,non_match,non_match,non_match,TN,TN,"These represent related but distinct concepts. 'Plastic degradation' refers to the process of breakdown of plastic materials (which can occur through various mechanisms including photodegradation, thermal degradation, or biodegradation). 'Biodegradable plastic' refers to a specific type of plastic material designed to decompose biologically. The first describes a process; the second describes a material property. They are broader-narrower related concepts rather than conceptually identical.",0.95,
BP0195,GABEK<sup>®</sup>,Gas,ix,uncertain,non_match,non_match,Missed_Abstention,Missed_Abstention,"GABEK® is a specific qualitative research methodology (Ganzheitliche Bewertung nach Entscheidungslogik Komplexität), while 'Gas' refers to a state of matter or gaseous substances. These are entirely distinct concepts with no semantic overlap.",0.95,
BP0069,Water use efficiency,water security,ii,non_match,non_match,non_match,TN,TN,"These represent related but distinct concepts. Water use efficiency focuses on optimizing water consumption and reducing waste in specific applications, while water security addresses broader concerns about water availability, access, and reliability for populations and ecosystems. They are semantically proximate but not conceptually identical.",0.85,
BP0104,EPR,Enhanced phosphorus removal,iii,uncertain,uncertain,match,Correct_Abstention,Missed_Abstention,"EPR is a polysemous acronym with multiple possible expansions in environmental and chemical engineering contexts (Enhanced Phosphorus Removal, Electron Paramagnetic Resonance, etc.). While 'Enhanced phosphorus removal' is a plausible expansion, without explicit confirmation that EPR is used as an acronym for this specific term in the source literature, the match cannot be confidently established.",0.45,
BP0067,Thermal analysis,thematic analysis,ii,non_match,non_match,non_match,TN,TN,"These are distinct concepts from different research domains. 'Thermal analysis' refers to analytical techniques studying material properties under temperature variation (DSC, TGA, etc.), while 'thematic analysis' is a qualitative research methodology for identifying patterns in textual data. Despite superficial similarity in wording, they represent unrelated methodological approaches.",0.95,
BP0059,Sustainability impact,sustainable mining,ii,non_match,non_match,non_match,TN,TN,"These represent related but distinct concepts. 'Sustainability impact' is a broader evaluative framework applicable across domains, while 'sustainable mining' is a specific application domain combining mining practices with sustainability principles. They are semantically proximate but not conceptually identical.",0.85,
BP0004,Developing countries,developing countries,i,match,match,match,TP,TP,These strings are identical except for capitalization of the first word. This is a punctuation/formatting variant with no semantic difference. Both refer to the same bibliometric concept.,0.99,
BP0011,Green building,green building,i,match,match,match,TP,TP,These strings are identical except for capitalization of the first word. This is a punctuation/formatting variant representing the same bibliometric concept.,0.99,
BP0354,Hydrophilization,Lyophilization,vii,non_match,non_match,non_match,TN,TN,"These are distinct chemical/materials science processes: hydrophilization refers to making a surface water-loving (hydrophilic), while lyophilization is freeze-drying. Though both involve surface modification or material processing, they represent fundamentally different concepts and techniques.",0.95,
BP0200,PG,PGMs,ix,uncertain,uncertain,non_match,Correct_Abstention,Missed_Abstention,"PG is a polysemous acronym with multiple expansions (e.g., Propylene Glycol, Prostaglandin, Postgraduate), while PGMs likely stands for Platinum Group Metals. Without additional context, it cannot be determined whether PG is an abbreviation for PGMs or represents a distinct concept entirely.",0.3,
BP0442,ZnO,Zinc oxide,viii,match,match,match,TP,TP,ZnO is the standard chemical formula for zinc oxide. This is an unambiguous acronym-expansion match where both strings represent the identical chemical compound.,0.99,
BP0429,KIC4,PCSK9,viii,non_match,non_match,non_match,TN,TN,"KIC4 refers to Kepler Input Catalog 4 (astronomy/exoplanet research), while PCSK9 is Proprotein Convertase Subtilisin/Kexin Type 9 (a protein target in cardiovascular/cholesterol research). These are entirely distinct concepts from different scientific domains with no conceptual overlap.",0.95,
BP0039,metallurgy,Metallurgy,i,match,match,match,TP,TP,Capitalization variant. Both strings represent the identical concept of metallurgy (the science and technology of metals). This is a simple case-sensitivity difference with no semantic distinction.,0.99,
BP0285,Material flow cost accounting,Economy-wide material flow accounting,vi,non_match,non_match,non_match,TN,TN,"These represent related but distinct concepts. Material flow cost accounting (MFCA) focuses on tracking costs associated with material flows within organizations, while economy-wide material flow accounting (EW-MFA) is a broader macroeconomic accounting system measuring material flows at the national or regional level. They differ in scope (organizational vs. economy-wide) and primary focus (cost accounting vs. physical flow accounting).",0.85,
BP0417,DfR,DfA,viii,uncertain,non_match,non_match,Missed_Abstention,Missed_Abstention,"DfR (Design for Recycling) and DfA (Design for Assembly) are distinct design methodologies addressing different lifecycle phases and objectives. While both are design-for-X frameworks, they represent separate concepts in bibliometric classification.",0.95,
BP0257,CS-ARDL,ARDL,vi,non_match,non_match,non_match,TN,TN,"CS-ARDL (Cross-Sectional ARDL) is a specific methodological variant of ARDL (Autoregressive Distributed Lag), representing a narrower concept. While related, they are distinct econometric approaches that should be treated as separate concept nodes in bibliometric mapping.",0.85,
BP0087,AMD,Acid and metalliferous drainage (AMD) and acid rock drainage (ARD),iii,match,match,match,TP,TP,"Keyword B explicitly expands the acronym AMD as 'Acid and metalliferous drainage', which is the standard full form of the AMD acronym in Keyword A. This is a clear acronym-expansion match where both refer to the same environmental/mining concept.",0.95,
BP0499,shipping,packaging,x,non_match,non_match,non_match,TN,TN,"Shipping and packaging are related but distinct concepts. Packaging refers to the materials and design used to contain and protect products, while shipping refers to the transportation and delivery of goods. These represent different stages and aspects of logistics, not the same bibliometric concept.",0.95,
BP0048,Environmental awareness,environmental management accounting,ii,non_match,non_match,non_match,TN,TN,"These represent related but distinct concepts. Environmental awareness refers to consciousness and understanding of environmental issues, while environmental management accounting is a specific accounting methodology for managing and reporting environmental costs. They are broader-narrower related concepts within environmental management, not the same concept.",0.92,
BP0311,bio-composites,Bio-materials,vi,non_match,non_match,non_match,TN,TN,"Bio-composites are a specific subcategory of bio-materials (composite materials made from biological sources), representing a narrower concept. Bio-materials is the broader category encompassing all materials derived from or compatible with biological systems, including polymers, ceramics, and other forms beyond composites.",0.85,
BP0448,hemp,hemp hurd,viii,non_match,non_match,non_match,TN,TN,"Hemp hurd is a specific component (the woody core of hemp stalks) derived from hemp, representing a narrower, more specific concept. While related, they are distinct materials with different properties and applications, making them separate concept nodes in bibliometric mapping.",0.95,
BP0480,Nisin,nitrates,x,non_match,non_match,non_match,TN,TN,"Nisin is a specific antimicrobial peptide/bacteriocin produced by Lactococcus lactis, while nitrates are chemical compounds (salts of nitric acid) used as food preservatives. These are distinct chemical entities with different mechanisms of action and belong to different classes of food preservation agents.",0.95,
BP0324,timber,Lumber,vi,non_match,match,match,FP,FP,"Timber and lumber are same-concept near-synonyms referring to the same material (processed wood for construction/industrial use). While 'timber' is more common in British English and 'lumber' in American English, they denote the identical concept in bibliometric contexts.",0.95,
BP0179,wastewater,waste water,iv,match,match,non_match,TP,FN,"Punctuation/formatting variant. 'Wastewater' and 'waste water' represent the same concept with different spacing conventions. Both refer to water containing waste or contaminants, and should be harmonized to a single concept node in bibliometric mapping.",0.95,
BP0389,computational design,Design optimisation,vii,non_match,non_match,non_match,TN,TN,"These represent related but distinct concepts. Computational design is a broader methodological approach using computational tools for design processes, while design optimisation is a specific technique focused on finding optimal solutions within defined parameters. Design optimisation is a narrower concept that may be one application within computational design, but they are not conceptually identical.",0.85,
BP0387,bakery products,agricultural products,vii,non_match,non_match,non_match,TN,TN,"Broader-narrower relation: bakery products are a specific subset of agricultural products. These are distinct concept nodes where one is narrower in scope than the other, not equivalent terms.",0.95,
BP0023,Pretreatment,pretreatment,i,match,match,match,TP,TP,These strings represent the same concept with only a capitalization difference. Bibliometric systems typically normalize case variants as identical keywords.,0.99,
BP0477,Lean Six Sigma,lean management,x,non_match,non_match,non_match,TN,TN,"Lean Six Sigma is a specific methodology combining lean manufacturing with Six Sigma quality control, while lean management is a broader management philosophy focused on waste elimination. These represent related but distinct concepts—Six Sigma adds statistical quality control dimensions not inherent to lean management alone.",0.85,
BP0086,AC,activated coke,iii,uncertain,uncertain,match,Correct_Abstention,Missed_Abstention,"AC is a polysemous acronym with multiple expansions in chemistry and materials science (activated carbon, activated charcoal, alternating current, etc.). While 'activated coke' is a specific material concept, AC could plausibly expand to 'activated coke' in some contexts, but this is not a standard or unambiguous expansion. Without additional context, the acronym-expansion relationship cannot be confidently established.",0.35,
BP0402,3Rs,4R,viii,uncertain,non_match,non_match,Missed_Abstention,Missed_Abstention,"These represent distinct concepts: '3Rs' refers to the established principle of Replacement, Reduction, and Refinement in animal research ethics, while '4R' appears to reference a different framework (likely adding a fourth principle). They are related but conceptually distinct frameworks.",0.95,
BP0300,Spent lithium-ion battery,Lithium-ion battery,vi,non_match,non_match,non_match,TN,TN,"These represent a broader-narrower relation. 'Lithium-ion battery' is the general product category, while 'Spent lithium-ion battery' refers specifically to end-of-life or used batteries. They are related but distinct concepts in bibliometric mapping, as research on spent batteries typically focuses on recycling, recovery, and waste management rather than battery technology itself.",0.95,
BP0463,Antimony,Arsenic,x,non_match,non_match,non_match,TN,TN,"Antimony and arsenic are distinct chemical elements with different atomic numbers, properties, and applications. While both are metalloids sometimes studied in related contexts (toxicology, environmental science), they represent separate bibliometric concepts and should not be merged into a single concept node.",0.95,
BP0155,R.E.S,RES,iv,match,match,uncertain,TP,Incorrect_Abstention,"Punctuation/formatting variant. 'R.E.S' and 'RES' represent the same acronym with only a difference in period notation. In bibliometric indexing, these are typically normalized to the same concept node.",0.95,
BP0212,US,USA,ix,uncertain,match,match,Missed_Abstention,Missed_Abstention,"Spelling variant and acronym abbreviation. 'US' and 'USA' are standard abbreviations for the same geographic entity (United States of America), differing only in whether the final 'A' is included. These should be harmonized to the same concept node in bibliometric mapping.",0.95,
BP0342,End-of-life tire,waste tire,vii,non_match,non_match,match,TN,FP,"While related concepts in tire management, 'end-of-life tire' specifies a particular lifecycle stage (tires at the end of their usable life), whereas 'waste tire' is a broader category that can include tires discarded at various points. These represent distinct conceptual framings in bibliometric literature—one emphasizes lifecycle stage, the other emphasizes waste status—and should be treated as separate concept nodes.",0.85,
BP0308,Wool waste,Fabric waste,vi,non_match,non_match,non_match,TN,TN,"These represent related but distinct concepts. Wool waste is a specific type of textile waste derived from wool fibers, while fabric waste is a broader category encompassing waste from all types of fabrics (cotton, synthetic, wool, etc.). This is a narrower-broader relation rather than conceptual equivalence.",0.85,
BP0206,RL,Resilience,ix,uncertain,uncertain,non_match,Correct_Abstention,Missed_Abstention,"RL is a polysemous acronym that could represent 'Reinforcement Learning', 'Resilience', or other concepts depending on context. Without additional context, it cannot be confidently determined whether RL is being used as an abbreviation for 'Resilience' or represents a different concept entirely.",0.3,
BP0436,Pulp,coffee pulp,viii,non_match,non_match,non_match,TN,TN,"Broader-narrower relation. 'Pulp' is a general concept referring to soft, wet, shapeless mass of material, while 'coffee pulp' is a specific type of pulp derived from coffee processing. These are distinct concepts in bibliometric mapping.",0.85,
BP0169,internet of things (IoT),Internet-of-things (IoT),iv,match,match,match,TP,TP,"Punctuation/formatting variant. Both strings represent the identical concept with only hyphenation differences in the expanded form. The acronym IoT is identical in both cases, and the semantic content is unchanged.",0.99,
BP0137,SSA,Steel slag aggregates (SSA),iii,match,match,match,TP,TP,"Keyword B explicitly expands the acronym SSA to 'Steel slag aggregates', confirming that SSA is an unambiguous acronym-expansion pair for the same concept. Both strings refer to the identical bibliometric concept.",0.95,
BP0221,Clean coal technologies,Clean coal technology,v,match,match,match,TP,TP,"Singular-plural variant. 'Clean coal technologies' and 'clean coal technology' refer to the same bibliometric concept, with the only difference being the number form of the noun. Both represent the same field of study and technological approaches.",0.95,
BP0180,water-holding capacity,Water holding capacity,iv,match,match,match,TP,TP,Punctuation/formatting variant. The two strings represent the identical concept with only a hyphenation difference (water-holding vs water holding) and capitalization difference (lowercase vs capitalized). These are standard bibliometric normalization variants.,0.95,
BP0321,photochemistry,photocatalysis,vi,non_match,non_match,non_match,TN,TN,"Photochemistry is the broader field studying chemical reactions induced by light, while photocatalysis is a narrower concept referring specifically to light-driven catalytic processes. These represent a broader-narrower relation rather than conceptual equivalence.",0.95,
BP0127,SD,Service Design,iii,uncertain,uncertain,match,Correct_Abstention,Missed_Abstention,"SD is a polysemous acronym with multiple expansions in academic literature (Sustainable Development, System Dynamics, Software Development, etc.). While Service Design is a plausible expansion, the acronym alone is ambiguous without additional context, making confident matching impossible.",0.35,
BP0177,small- and medium-sized enterprises (SMEs),Small and Medium Sized Enterprises (SMEs),iv,match,match,match,TP,TP,"These are identical concepts with only punctuation and capitalization variants. Both represent the same bibliometric concept of small and medium-sized enterprises, with the acronym SME/SMEs present in both forms.",0.99,
BP0280,High value-added products,Value-added products,vi,non_match,non_match,non_match,TN,TN,"Broader-narrower relation: 'Value-added products' is the general concept, while 'High value-added products' is a narrower specification emphasizing superior value addition. These represent distinct concept nodes in bibliometric mapping.",0.85,
BP0015,Material and energy flow analysis,Material and Energy Flow Analysis,i,match,match,match,TP,TP,"Punctuation/formatting variant. The two strings are identical except for capitalization of the first letter of each word (title case in B vs. sentence case in A), which is a standard bibliometric normalization difference and does not represent a conceptual distinction.",0.99,
BP0450,iron,Iron and steel,viii,non_match,non_match,non_match,TN,TN,"Broader-narrower relation: 'iron' is a single element, while 'iron and steel' is a compound concept encompassing both iron and its alloy. These represent distinct conceptual scopes in bibliometric mapping.",0.95,
BP0033,briquettes,Briquettes,i,match,match,match,TP,TP,"These strings represent the same concept with only a capitalization difference. In bibliometric keyword harmonization, case variants are treated as identical strings referring to the same concept.",0.99,
BP0219,Biogas plant,biogas plants,v,match,match,match,TP,TP,"Singular-plural variant of the same concept. 'Biogas plant' and 'biogas plants' refer to the identical facility type, differing only in grammatical number.",0.99,
BP0044,Circular procurement,circular consumption,ii,non_match,non_match,non_match,TN,TN,"These represent related but distinct concepts within the circular economy framework. Circular procurement focuses on purchasing practices and supply chain management, while circular consumption addresses consumer behavior and product use patterns. They are complementary aspects of circular economy but target different stages and actors in the product lifecycle.",0.85,
BP0215,pH,PHA,ix,uncertain,non_match,non_match,Missed_Abstention,Missed_Abstention,"pH (potential of hydrogen) and PHA (polyhydroxyalkanoate) are distinct chemical/biochemical concepts with different meanings and applications. While both are chemistry-related acronyms, they represent fundamentally different substances and are not interchangeable terms.",0.95,
BP0273,Environmental management accounting,Sustainability accounting,vi,non_match,non_match,non_match,TN,TN,"While both concepts relate to accounting for environmental and sustainability concerns, they represent distinct disciplinary focuses. Environmental management accounting specifically emphasizes the accounting and management of environmental costs and impacts within organizations, whereas sustainability accounting is broader and encompasses environmental, social, and economic dimensions of organizational performance. These are related but conceptually distinct approaches.",0.75,
BP0024,Process synthesis,process synthesis,i,match,match,match,TP,TP,These strings are identical except for capitalization of the first word. This is a punctuation/formatting variant representing the same bibliometric concept.,0.99,
BP0066,System design,systemic design,ii,non_match,non_match,non_match,TN,TN,"While both terms relate to design approaches, 'system design' refers to the design of specific systems and their components, whereas 'systemic design' refers to design thinking that addresses complex, interconnected problems holistically. These represent related but distinct conceptual approaches in design methodology.",0.75,
